-- members
INSERT INTO lufin.members (member_id, email, password, secondary_password, salt, member_role, profile_image, name, certification_number, created_at, updated_at, last_login, activation_status) VALUES (1, 'teacher1@ssafy.com', 'MN11FwtJvA/B7hkZMvz3xiXE3Zl9TuuIdlaieVXQUAQ=', '4MX2q/+IRQdKMz+JzsZoR0mBA1E/5Uf1gc69DXFeao0=', 'ZlqGA54uqQSPruenprYo5w==', 'TEACHER', null, '선생님1', null, '2025-04-03 09:28:35', '2025-04-03 09:42:22', '2025-04-03 09:42:22', 1);
INSERT INTO lufin.members (member_id, email, password, secondary_password, salt, member_role, profile_image, name, certification_number, created_at, updated_at, last_login, activation_status) VALUES (2, 'teacher2@ssafy.com', 'qIkfdbduRJSSiSADglhoH7nMnkg/VGzrEW0kzeutj+g=', 'HfjKC1j4cGtwxuzJUhzKFmMZKRokMmOaz8fq6wA6WDg=', 'Y/QUwNmjTqpVqK/UiPybsw==', 'TEACHER', null, '선생님2', null, '2025-04-03 09:28:40', '2025-04-03 09:51:35', '2025-04-03 09:51:35', 1);
INSERT INTO lufin.members (member_id, email, password, secondary_password, salt, member_role, profile_image, name, certification_number, created_at, updated_at, last_login, activation_status) VALUES (3, 'student1@ssafy.com', '6YPaq6V4rOti8dkIEmFJCIaLW2Fp00dpknbuRizSz6w=', 'GCmmkmo6jRq4lGyswrTfOayyTw5Le9jrm2OhivR3OXo=', 'yxu6aasFEYfOyvYlpWgc2A==', 'STUDENT', null, '학생1', null, '2025-04-03 09:29:00', '2025-04-03 09:48:15', '2025-04-03 09:48:15', 1);
INSERT INTO lufin.members (member_id, email, password, secondary_password, salt, member_role, profile_image, name, certification_number, created_at, updated_at, last_login, activation_status) VALUES (4, 'student2@ssafy.com', 'VPxJKR81QKASlk2YP072ymQErsk570BePNbQkrh60zQ=', 'uTdEI7BS5aIcxXi6CEk0ZY4azSVICKcKHqjNkB6BPNQ=', 'VHOmWmwEepidY5yvzot5aw==', 'STUDENT', null, '학생2', null, '2025-04-03 09:29:05', '2025-04-03 09:49:25', '2025-04-03 09:49:25', 1);
INSERT INTO lufin.members (member_id, email, password, secondary_password, salt, member_role, profile_image, name, certification_number, created_at, updated_at, last_login, activation_status) VALUES (5, 'student3@ssafy.com', 'jkvw04CYDYWB8dqTPPZ1YlEqYJ5eBXyXBBu30uvvbw0=', 'oa8ByGx8kTN8FUP20ZB8xdNcr4tZFjEUQ2/k7L85xB0=', 'sXZzQ6BIsllp5NwX8FiYNw==', 'STUDENT', null, '학생3', null, '2025-04-03 09:29:10', '2025-04-03 09:50:05', '2025-04-03 09:50:05', 1);
INSERT INTO lufin.members (member_id, email, password, secondary_password, salt, member_role, profile_image, name, certification_number, created_at, updated_at, last_login, activation_status) VALUES (6, 'student4@ssafy.com', '6NGKeYrjB2UkiqoSXSnTWjfRoJdKOO9BRgiUQeBPZMM=', 'oU3VuhJuzxPtbnMHoK+NB3oPvsRBAS3N6VQPXqvdaFI=', 'bwCFaorVRzj/9vxpOBowsg==', 'STUDENT', null, '학생4', null, '2025-04-03 09:29:14', '2025-04-03 09:51:00', '2025-04-03 09:51:00', 1);
INSERT INTO lufin.members (member_id, email, password, secondary_password, salt, member_role, profile_image, name, certification_number, created_at, updated_at, last_login, activation_status) VALUES (7, 'student5@ssafy.com', 'nMUMi3I7I6KomqZcqI7H4qFpFzjgYbUo1Cuxmyij2q4=', 'ihj/BCniQIxqOMDP4NL78fw2TWtlidrsxDaU/jpIyfk=', 'jzmpJMTqNrVunlu1UqKu2A==', 'STUDENT', null, '학생5', null, '2025-04-03 09:29:19', '2025-04-03 09:52:57', '2025-04-03 09:52:57', 1);
INSERT INTO lufin.members (member_id, email, password, secondary_password, salt, member_role, profile_image, name, certification_number, created_at, updated_at, last_login, activation_status) VALUES (8, 'student6@ssafy.com', 'JKIMy+qfpT79lip4EbM9iZE82SKW6Lfo5pn99xuYwk4=', 'FPa/YRwMymfvyvdvI5Ayw7yNlHcYm1y+anoLuv2keGU=', '9ph8NdHSbdoLis5c7wQULw==', 'STUDENT', null, '학생6', null, '2025-04-03 09:29:23', '2025-04-03 09:53:29', '2025-04-03 09:53:29', 1);
INSERT INTO lufin.members (member_id, email, password, secondary_password, salt, member_role, profile_image, name, certification_number, created_at, updated_at, last_login, activation_status) VALUES (9, 'student7@ssafy.com', 'j9NNHqraurvtW+l5jhbpLe9OKR9FQFa5WVo7SqIUnbM=', 'RdbHVECI2YvLI3UAyiVh8JUZtVI+RGycuVK7HQLfTDQ=', 'tDJOMPvRHzCUyEJ746BCrw==', 'STUDENT', null, '학생7', null, '2025-04-03 09:29:28', '2025-04-03 09:54:30', '2025-04-03 09:54:30', 1);
INSERT INTO lufin.members (member_id, email, password, secondary_password, salt, member_role, profile_image, name, certification_number, created_at, updated_at, last_login, activation_status) VALUES (10, 'student8@ssafy.com', 'cOw7oRK4AJCXq8go6WpYzf57uto+EWp9vL4PlNU7r2w=', 'DGzUk+vW18l2ZkyCG+eaTdLM2OHn0RmthUw4JzHb3xA=', 'aJHnvGySgzf/qYS5typ/bg==', 'STUDENT', null, '학생8', null, '2025-04-03 09:29:32', '2025-04-03 09:55:01', '2025-04-03 09:55:01', 1);
INSERT INTO lufin.members (member_id, email, password, secondary_password, salt, member_role, profile_image, name, certification_number, created_at, updated_at, last_login, activation_status) VALUES (11, 'student9@ssafy.com', 'FlzVgVxIXVJq26K6uMxkiGi3zJumsUHDByBVZKe4bDY=', 'diwA8w+437QVq8HmclW7QR/Bh4UjAEaaVHPElAkACaI=', 'CSca0f59LdrKmK1TNAF4bw==', 'STUDENT', null, '학생9', null, '2025-04-03 09:29:36', '2025-04-03 09:55:42', '2025-04-03 09:55:42', 1);
INSERT INTO lufin.members (member_id, email, password, secondary_password, salt, member_role, profile_image, name, certification_number, created_at, updated_at, last_login, activation_status) VALUES (13, 'teacher3@ssafy.com', '3F1y4B3DWsZuJYIe+uqzVwtK+0PKtAFwv2sa/akcZCE=', 'gr4tE6LXTNhAytw2b2wgDxAFLmbGOh9hA4VuvNbubDU=', 'axj0WJkM33YhzWbif/LHcA==', 'TEACHER', null, '교사3', null, '2025-04-03 09:40:15', '2025-04-03 09:45:49', '2025-04-03 09:45:49', 1);

-- classrooms
INSERT INTO lufin.classrooms (classroom_id, teacher_id, code, school, grade, class_group, name, member_count, thumbnail_key, created_at) VALUES (1, 1, 'yznG2', '싸피초', 4, 1, '4학년 1반', 1, 'classrooms/302e3f79-083c-4e7c-adf7-a788d9b9c891.jpg', '2025-04-03 10:35:00');
INSERT INTO lufin.classrooms (classroom_id, teacher_id, code, school, grade, class_group, name, member_count, thumbnail_key, created_at) VALUES (2, 1, 'Qcu2A', '싸피초', 4, 2, '4학년 2반', 4, 'classrooms/302e3f79-083c-4e7c-adf7-a788d9b9c891.jpg', '2025-04-03 10:35:05');
INSERT INTO lufin.classrooms (classroom_id, teacher_id, code, school, grade, class_group, name, member_count, thumbnail_key, created_at) VALUES (3, 2, 'aHq7Z', '싸피초', 5, 3, '5학년 3반', 1, 'classrooms/302e3f79-083c-4e7c-adf7-a788d9b9c891.jpg', '2025-04-03 10:35:23');
INSERT INTO lufin.classrooms (classroom_id, teacher_id, code, school, grade, class_group, name, member_count, thumbnail_key, created_at) VALUES (4, 2, 'B1YBo', '싸피초', 5, 4, '5학년 4반', 4, 'classrooms/302e3f79-083c-4e7c-adf7-a788d9b9c891.jpg', '2025-04-03 10:35:29');
INSERT INTO lufin.classrooms (classroom_id, teacher_id, code, school, grade, class_group, name, member_count, thumbnail_key, created_at) VALUES (5, 13, 'FaFf5', '싸피초', 6, 2, '6학년 2반', 1, 'classrooms/302e3f79-083c-4e7c-adf7-a788d9b9c891.jpg', '2025-04-03 10:35:47');
INSERT INTO lufin.classrooms (classroom_id, teacher_id, code, school, grade, class_group, name, member_count, thumbnail_key, created_at) VALUES (6, 13, 'JZg9g', '싸피초', 6, 1, '6학년 1반', 4, 'classrooms/302e3f79-083c-4e7c-adf7-a788d9b9c891.jpg', '2025-04-03 10:35:52');

-- accounts
INSERT INTO lufin.accounts (account_id, member_id, classroom_id, account_type, account_number, balance, created_at, closed_at) VALUES (1, null, 1, 'CLASSROOM', '586-473-493-916', 0, '2025-04-03 10:35:00', '2025-04-03 10:35:05');
INSERT INTO lufin.accounts (account_id, member_id, classroom_id, account_type, account_number, balance, created_at, closed_at) VALUES (2, null, 2, 'CLASSROOM', '386-426-775-374', 300000, '2025-04-03 10:35:05', null);
INSERT INTO lufin.accounts (account_id, member_id, classroom_id, account_type, account_number, balance, created_at, closed_at) VALUES (3, null, 3, 'CLASSROOM', '696-761-447-778', 0, '2025-04-03 10:35:23', '2025-04-03 10:35:29');
INSERT INTO lufin.accounts (account_id, member_id, classroom_id, account_type, account_number, balance, created_at, closed_at) VALUES (4, null, 4, 'CLASSROOM', '463-561-461-323', 300000, '2025-04-03 10:35:29', null);
INSERT INTO lufin.accounts (account_id, member_id, classroom_id, account_type, account_number, balance, created_at, closed_at) VALUES (5, null, 5, 'CLASSROOM', '402-399-149-249', 0, '2025-04-03 10:35:47', '2025-04-03 10:35:52');
INSERT INTO lufin.accounts (account_id, member_id, classroom_id, account_type, account_number, balance, created_at, closed_at) VALUES (6, null, 6, 'CLASSROOM', '688-606-433-716', 300000, '2025-04-03 10:35:52', null);
INSERT INTO lufin.accounts (account_id, member_id, classroom_id, account_type, account_number, balance, created_at, closed_at) VALUES (7, 3, null, 'DEPOSIT', '899-325-524-966', 100000, '2025-04-03 10:38:20', null);
INSERT INTO lufin.accounts (account_id, member_id, classroom_id, account_type, account_number, balance, created_at, closed_at) VALUES (8, 4, null, 'DEPOSIT', '188-278-964-516', 100000, '2025-04-03 10:38:42', null);
INSERT INTO lufin.accounts (account_id, member_id, classroom_id, account_type, account_number, balance, created_at, closed_at) VALUES (9, 5, null, 'DEPOSIT', '635-812-763-366', 100000, '2025-04-03 10:39:19', null);
INSERT INTO lufin.accounts (account_id, member_id, classroom_id, account_type, account_number, balance, created_at, closed_at) VALUES (10, 6, null, 'DEPOSIT', '577-620-984-147', 100000, '2025-04-03 10:40:22', null);
INSERT INTO lufin.accounts (account_id, member_id, classroom_id, account_type, account_number, balance, created_at, closed_at) VALUES (11, 7, null, 'DEPOSIT', '758-551-154-812', 100000, '2025-04-03 10:40:37', null);
INSERT INTO lufin.accounts (account_id, member_id, classroom_id, account_type, account_number, balance, created_at, closed_at) VALUES (12, 8, null, 'DEPOSIT', '195-498-132-509', 100000, '2025-04-03 10:40:52', null);
INSERT INTO lufin.accounts (account_id, member_id, classroom_id, account_type, account_number, balance, created_at, closed_at) VALUES (13, 9, null, 'DEPOSIT', '968-301-119-941', 100000, '2025-04-03 10:42:00', null);
INSERT INTO lufin.accounts (account_id, member_id, classroom_id, account_type, account_number, balance, created_at, closed_at) VALUES (14, 10, null, 'DEPOSIT', '158-255-169-826', 100000, '2025-04-03 10:42:30', null);
INSERT INTO lufin.accounts (account_id, member_id, classroom_id, account_type, account_number, balance, created_at, closed_at) VALUES (15, 11, null, 'DEPOSIT', '661-974-548-599', 100000, '2025-04-03 10:42:47', null);

-- member-classroom
INSERT INTO lufin.member_classrooms (member_class_id, classroom_id, member_id, join_date, is_current) VALUES (1, 1, 1, '2025-04-03 10:35:00', 0);
INSERT INTO lufin.member_classrooms (member_class_id, classroom_id, member_id, join_date, is_current) VALUES (2, 2, 1, '2025-04-03 10:35:05', 1);
INSERT INTO lufin.member_classrooms (member_class_id, classroom_id, member_id, join_date, is_current) VALUES (3, 3, 2, '2025-04-03 10:35:23', 0);
INSERT INTO lufin.member_classrooms (member_class_id, classroom_id, member_id, join_date, is_current) VALUES (4, 4, 2, '2025-04-03 10:35:29', 1);
INSERT INTO lufin.member_classrooms (member_class_id, classroom_id, member_id, join_date, is_current) VALUES (5, 5, 13, '2025-04-03 10:35:47', 0);
INSERT INTO lufin.member_classrooms (member_class_id, classroom_id, member_id, join_date, is_current) VALUES (6, 6, 13, '2025-04-03 10:35:52', 1);
INSERT INTO lufin.member_classrooms (member_class_id, classroom_id, member_id, join_date, is_current) VALUES (7, 2, 3, '2025-04-03 10:38:20', 1);
INSERT INTO lufin.member_classrooms (member_class_id, classroom_id, member_id, join_date, is_current) VALUES (8, 2, 4, '2025-04-03 10:38:42', 1);
INSERT INTO lufin.member_classrooms (member_class_id, classroom_id, member_id, join_date, is_current) VALUES (9, 2, 5, '2025-04-03 10:39:19', 1);
INSERT INTO lufin.member_classrooms (member_class_id, classroom_id, member_id, join_date, is_current) VALUES (10, 4, 6, '2025-04-03 10:40:22', 1);
INSERT INTO lufin.member_classrooms (member_class_id, classroom_id, member_id, join_date, is_current) VALUES (11, 4, 7, '2025-04-03 10:40:37', 1);
INSERT INTO lufin.member_classrooms (member_class_id, classroom_id, member_id, join_date, is_current) VALUES (12, 4, 8, '2025-04-03 10:40:52', 1);
INSERT INTO lufin.member_classrooms (member_class_id, classroom_id, member_id, join_date, is_current) VALUES (13, 6, 9, '2025-04-03 10:42:00', 1);
INSERT INTO lufin.member_classrooms (member_class_id, classroom_id, member_id, join_date, is_current) VALUES (14, 6, 10, '2025-04-03 10:42:30', 1);
INSERT INTO lufin.member_classrooms (member_class_id, classroom_id, member_id, join_date, is_current) VALUES (15, 6, 11, '2025-04-03 10:42:47', 1);

-- items
INSERT INTO lufin.items (item_id, classroom_id, name, type, price, quantity_available, quantity_sold, status, expiration_date, created_at, updated_at) VALUES (1, 2, '초콜릿 이용권', 0, 1000, 10, 0, 1, '2025-05-01 00:00:00', '2025-04-03 01:27:18', null);
INSERT INTO lufin.items (item_id, classroom_id, name, type, price, quantity_available, quantity_sold, status, expiration_date, created_at, updated_at) VALUES (2, 2, '급식 줄 우선권', 1, 2000, 10, 0, 1, '2025-05-01 00:00:00', '2025-04-03 01:27:18', null);
INSERT INTO lufin.items (item_id, classroom_id, name, type, price, quantity_available, quantity_sold, status, expiration_date, created_at, updated_at) VALUES (3, 2, '자리 변경 우선권', 1, 10000, 10, 0, 1, '2025-05-01 00:00:00', '2025-04-03 01:27:18', null);
INSERT INTO lufin.items (item_id, classroom_id, name, type, price, quantity_available, quantity_sold, status, expiration_date, created_at, updated_at) VALUES (4, 2, '학용품 빌리기 찬스', 1, 4000, 10, 0, 1, '2025-05-01 00:00:00', '2025-04-03 01:27:18', null);
INSERT INTO lufin.items (item_id, classroom_id, name, type, price, quantity_available, quantity_sold, status, expiration_date, created_at, updated_at) VALUES (5, 2, '교과서 빌리기', 1, 4000, 10, 0, 1, '2025-05-01 00:00:00', '2025-04-03 01:27:18', null);
INSERT INTO lufin.items (item_id, classroom_id, name, type, price, quantity_available, quantity_sold, status, expiration_date, created_at, updated_at) VALUES (6, 2, '청소 면제권', 0, 4000, 10, 0, 1, '2025-05-01 00:00:00', '2025-04-03 01:27:18', null);
INSERT INTO lufin.items (item_id, classroom_id, name, type, price, quantity_available, quantity_sold, status, expiration_date, created_at, updated_at) VALUES (7, 2, '일기 면제권', 0, 4000, 10, 0, 1, '2025-05-01 00:00:00', '2025-04-03 01:27:18', null);
INSERT INTO lufin.items (item_id, classroom_id, name, type, price, quantity_available, quantity_sold, status, expiration_date, created_at, updated_at) VALUES (8, 4, '초콜릿 이용권', 0, 1000, 10, 0, 1, '2025-05-01 00:00:00', '2025-04-03 01:28:22', null);
INSERT INTO lufin.items (item_id, classroom_id, name, type, price, quantity_available, quantity_sold, status, expiration_date, created_at, updated_at) VALUES (9, 4, '급식 줄 우선권', 1, 2000, 10, 0, 1, '2025-05-01 00:00:00', '2025-04-03 01:28:22', null);
INSERT INTO lufin.items (item_id, classroom_id, name, type, price, quantity_available, quantity_sold, status, expiration_date, created_at, updated_at) VALUES (10, 4, '자리 변경 우선권', 1, 10000, 10, 0, 1, '2025-05-01 00:00:00', '2025-04-03 01:28:22', null);
INSERT INTO lufin.items (item_id, classroom_id, name, type, price, quantity_available, quantity_sold, status, expiration_date, created_at, updated_at) VALUES (11, 4, '학용품 빌리기 찬스', 1, 4000, 10, 0, 1, '2025-05-01 00:00:00', '2025-04-03 01:28:22', null);
INSERT INTO lufin.items (item_id, classroom_id, name, type, price, quantity_available, quantity_sold, status, expiration_date, created_at, updated_at) VALUES (12, 4, '교과서 빌리기', 1, 4000, 10, 0, 1, '2025-05-01 00:00:00', '2025-04-03 01:28:22', null);
INSERT INTO lufin.items (item_id, classroom_id, name, type, price, quantity_available, quantity_sold, status, expiration_date, created_at, updated_at) VALUES (13, 4, '청소 면제권', 0, 4000, 10, 0, 1, '2025-05-01 00:00:00', '2025-04-03 01:28:22', null);
INSERT INTO lufin.items (item_id, classroom_id, name, type, price, quantity_available, quantity_sold, status, expiration_date, created_at, updated_at) VALUES (14, 4, '일기 면제권', 0, 4000, 10, 0, 1, '2025-05-01 00:00:00', '2025-04-03 01:28:22', null);
INSERT INTO lufin.items (item_id, classroom_id, name, type, price, quantity_available, quantity_sold, status, expiration_date, created_at, updated_at) VALUES (15, 6, '초콜릿 이용권', 0, 1000, 10, 0, 1, '2025-05-01 00:00:00', '2025-04-03 01:28:33', null);
INSERT INTO lufin.items (item_id, classroom_id, name, type, price, quantity_available, quantity_sold, status, expiration_date, created_at, updated_at) VALUES (16, 6, '급식 줄 우선권', 1, 2000, 10, 0, 1, '2025-05-01 00:00:00', '2025-04-03 01:28:33', null);
INSERT INTO lufin.items (item_id, classroom_id, name, type, price, quantity_available, quantity_sold, status, expiration_date, created_at, updated_at) VALUES (17, 6, '자리 변경 우선권', 1, 10000, 10, 0, 1, '2025-05-01 00:00:00', '2025-04-03 01:28:33', null);
INSERT INTO lufin.items (item_id, classroom_id, name, type, price, quantity_available, quantity_sold, status, expiration_date, created_at, updated_at) VALUES (18, 6, '학용품 빌리기 찬스', 1, 4000, 10, 0, 1, '2025-05-01 00:00:00', '2025-04-03 01:28:33', null);
INSERT INTO lufin.items (item_id, classroom_id, name, type, price, quantity_available, quantity_sold, status, expiration_date, created_at, updated_at) VALUES (19, 6, '교과서 빌리기', 1, 4000, 10, 0, 1, '2025-05-01 00:00:00', '2025-04-03 01:28:33', null);
INSERT INTO lufin.items (item_id, classroom_id, name, type, price, quantity_available, quantity_sold, status, expiration_date, created_at, updated_at) VALUES (20, 6, '청소 면제권', 0, 4000, 10, 0, 1, '2025-05-01 00:00:00', '2025-04-03 01:28:33', null);
INSERT INTO lufin.items (item_id, classroom_id, name, type, price, quantity_available, quantity_sold, status, expiration_date, created_at, updated_at) VALUES (21, 6, '일기 면제권', 0, 4000, 10, 0, 1, '2025-05-01 00:00:00', '2025-04-03 01:28:33', null);

-- loan-products
INSERT INTO lufin.loan_products (loan_product_id, name, description, credit_rank, max_amount, interest_rate, period, created_at, updated_at) VALUES (1, '펭귄대출', '14일 대출 상품', 0, 1000000, 2.00, 14, '2025-04-03 01:29:31', null);
INSERT INTO lufin.loan_products (loan_product_id, name, description, credit_rank, max_amount, interest_rate, period, created_at, updated_at) VALUES (2, '펭귄대출', '14일 대출 상품', 1, 1000000, 3.00, 14, '2025-04-03 01:29:31', null);
INSERT INTO lufin.loan_products (loan_product_id, name, description, credit_rank, max_amount, interest_rate, period, created_at, updated_at) VALUES (3, '펭귄대출', '14일 대출 상품', 2, 1000000, 4.00, 14, '2025-04-03 01:29:31', null);
INSERT INTO lufin.loan_products (loan_product_id, name, description, credit_rank, max_amount, interest_rate, period, created_at, updated_at) VALUES (4, '펭귄대출', '14일 대출 상품', 3, 1000000, 6.00, 14, '2025-04-03 01:29:31', null);
INSERT INTO lufin.loan_products (loan_product_id, name, description, credit_rank, max_amount, interest_rate, period, created_at, updated_at) VALUES (5, '펭귄대출', '14일 대출 상품', 4, 1000000, 8.00, 14, '2025-04-03 01:29:31', null);
INSERT INTO lufin.loan_products (loan_product_id, name, description, credit_rank, max_amount, interest_rate, period, created_at, updated_at) VALUES (6, '고양이대출', '28일 대출 상품', 0, 1000000, 3.00, 28, '2025-04-03 01:29:31', null);
INSERT INTO lufin.loan_products (loan_product_id, name, description, credit_rank, max_amount, interest_rate, period, created_at, updated_at) VALUES (7, '고양이대출', '28일 대출 상품', 1, 1000000, 4.00, 28, '2025-04-03 01:29:31', null);
INSERT INTO lufin.loan_products (loan_product_id, name, description, credit_rank, max_amount, interest_rate, period, created_at, updated_at) VALUES (8, '고양이대출', '28일 대출 상품', 2, 1000000, 6.00, 28, '2025-04-03 01:29:31', null);
INSERT INTO lufin.loan_products (loan_product_id, name, description, credit_rank, max_amount, interest_rate, period, created_at, updated_at) VALUES (9, '고양이대출', '28일 대출 상품', 3, 1000000, 8.00, 28, '2025-04-03 01:29:31', null);
INSERT INTO lufin.loan_products (loan_product_id, name, description, credit_rank, max_amount, interest_rate, period, created_at, updated_at) VALUES (10, '고양이대출', '28일 대출 상품', 4, 1000000, 10.00, 28, '2025-04-03 01:29:31', null);
INSERT INTO lufin.loan_products (loan_product_id, name, description, credit_rank, max_amount, interest_rate, period, created_at, updated_at) VALUES (11, '호랑이대출', '32일 대출 상품', 0, 1000000, 4.00, 32, '2025-04-03 01:29:31', null);
INSERT INTO lufin.loan_products (loan_product_id, name, description, credit_rank, max_amount, interest_rate, period, created_at, updated_at) VALUES (12, '호랑이대출', '32일 대출 상품', 1, 1000000, 6.00, 32, '2025-04-03 01:29:31', null);
INSERT INTO lufin.loan_products (loan_product_id, name, description, credit_rank, max_amount, interest_rate, period, created_at, updated_at) VALUES (13, '호랑이대출', '32일 대출 상품', 2, 1000000, 8.00, 32, '2025-04-03 01:29:31', null);
INSERT INTO lufin.loan_products (loan_product_id, name, description, credit_rank, max_amount, interest_rate, period, created_at, updated_at) VALUES (14, '호랑이대출', '32일 대출 상품', 3, 1000000, 10.00, 32, '2025-04-03 01:29:31', null);
INSERT INTO lufin.loan_products (loan_product_id, name, description, credit_rank, max_amount, interest_rate, period, created_at, updated_at) VALUES (15, '호랑이대출', '32일 대출 상품', 4, 1000000, 12.00, 32, '2025-04-03 01:29:31', null);

-- missions
INSERT INTO lufin.missions (mission_id, class_id, title, content, difficulty, max_participants, current_participants, wage, mission_date, status, created_at, updated_at) VALUES (1, 2, '도서관 책 정리', '책을 정리하고 청결을 유지하세요.', 2, 2, 0, 4000, '2025-04-06 01:51:12', 'RECRUITING', '2025-04-03 01:51:12', null);
INSERT INTO lufin.missions (mission_id, class_id, title, content, difficulty, max_participants, current_participants, wage, mission_date, status, created_at, updated_at) VALUES (2, 2, '학급 게시판 정리', '게시판을 보기 좋게 꾸며주세요.', 2, 2, 0, 4000, '2025-04-06 01:51:12', 'RECRUITING', '2025-04-03 01:51:12', null);
INSERT INTO lufin.missions (mission_id, class_id, title, content, difficulty, max_participants, current_participants, wage, mission_date, status, created_at, updated_at) VALUES (3, 2, '칠판 닦기', '하루 동안 칠판을 깨끗하게 유지하세요.', 1, 1, 0, 2000, '2025-04-07 01:51:12', 'RECRUITING', '2025-04-03 01:51:12', null);
INSERT INTO lufin.missions (mission_id, class_id, title, content, difficulty, max_participants, current_participants, wage, mission_date, status, created_at, updated_at) VALUES (4, 2, '물품 나르기', '교실 물품을 옮기는 미션입니다.', 3, 2, 0, 5000, '2025-04-09 01:51:12', 'RECRUITING', '2025-04-03 01:51:12', null);
INSERT INTO lufin.missions (mission_id, class_id, title, content, difficulty, max_participants, current_participants, wage, mission_date, status, created_at, updated_at) VALUES (5, 2, '발표 도우미', '모둠 발표 시 발표자 도와주기.', 2, 1, 0, 3000, '2025-04-07 01:51:12', 'RECRUITING', '2025-04-03 01:51:12', null);
INSERT INTO lufin.missions (mission_id, class_id, title, content, difficulty, max_participants, current_participants, wage, mission_date, status, created_at, updated_at) VALUES (6, 2, '운동장 청소', '점심시간 후 운동장을 청소하세요.', 3, 3, 0, 5000, '2025-04-09 01:51:12', 'RECRUITING', '2025-04-03 01:51:12', null);
INSERT INTO lufin.missions (mission_id, class_id, title, content, difficulty, max_participants, current_participants, wage, mission_date, status, created_at, updated_at) VALUES (7, 4, '도서관 책 정리', '책을 정리하고 청결을 유지하세요.', 2, 2, 0, 4000, '2025-04-06 01:51:12', 'RECRUITING', '2025-04-03 01:51:12', null);
INSERT INTO lufin.missions (mission_id, class_id, title, content, difficulty, max_participants, current_participants, wage, mission_date, status, created_at, updated_at) VALUES (8, 4, '학급 게시판 정리', '게시판을 보기 좋게 꾸며주세요.', 2, 2, 0, 4000, '2025-04-06 01:51:12', 'RECRUITING', '2025-04-03 01:51:12', null);
INSERT INTO lufin.missions (mission_id, class_id, title, content, difficulty, max_participants, current_participants, wage, mission_date, status, created_at, updated_at) VALUES (9, 4, '칠판 닦기', '하루 동안 칠판을 깨끗하게 유지하세요.', 1, 1, 0, 2000, '2025-04-07 01:51:12', 'RECRUITING', '2025-04-03 01:51:12', null);
INSERT INTO lufin.missions (mission_id, class_id, title, content, difficulty, max_participants, current_participants, wage, mission_date, status, created_at, updated_at) VALUES (10, 4, '물품 나르기', '교실 물품을 옮기는 미션입니다.', 3, 2, 0, 5000, '2025-04-09 01:51:12', 'RECRUITING', '2025-04-03 01:51:12', null);
INSERT INTO lufin.missions (mission_id, class_id, title, content, difficulty, max_participants, current_participants, wage, mission_date, status, created_at, updated_at) VALUES (11, 4, '발표 도우미', '모둠 발표 시 발표자 도와주기.', 2, 1, 0, 3000, '2025-04-07 01:51:12', 'RECRUITING', '2025-04-03 01:51:12', null);
INSERT INTO lufin.missions (mission_id, class_id, title, content, difficulty, max_participants, current_participants, wage, mission_date, status, created_at, updated_at) VALUES (12, 4, '운동장 청소', '점심시간 후 운동장을 청소하세요.', 3, 3, 0, 5000, '2025-04-09 01:51:12', 'RECRUITING', '2025-04-03 01:51:12', null);
INSERT INTO lufin.missions (mission_id, class_id, title, content, difficulty, max_participants, current_participants, wage, mission_date, status, created_at, updated_at) VALUES (13, 6, '도서관 책 정리', '책을 정리하고 청결을 유지하세요.', 2, 2, 0, 4000, '2025-04-06 01:51:12', 'RECRUITING', '2025-04-03 01:51:12', null);
INSERT INTO lufin.missions (mission_id, class_id, title, content, difficulty, max_participants, current_participants, wage, mission_date, status, created_at, updated_at) VALUES (14, 6, '학급 게시판 정리', '게시판을 보기 좋게 꾸며주세요.', 2, 2, 0, 4000, '2025-04-06 01:51:12', 'RECRUITING', '2025-04-03 01:51:12', null);
INSERT INTO lufin.missions (mission_id, class_id, title, content, difficulty, max_participants, current_participants, wage, mission_date, status, created_at, updated_at) VALUES (15, 6, '칠판 닦기', '하루 동안 칠판을 깨끗하게 유지하세요.', 1, 1, 0, 2000, '2025-04-07 01:51:12', 'RECRUITING', '2025-04-03 01:51:12', null);
INSERT INTO lufin.missions (mission_id, class_id, title, content, difficulty, max_participants, current_participants, wage, mission_date, status, created_at, updated_at) VALUES (16, 6, '물품 나르기', '교실 물품을 옮기는 미션입니다.', 3, 2, 0, 5000, '2025-04-09 01:51:12', 'RECRUITING', '2025-04-03 01:51:12', null);
INSERT INTO lufin.missions (mission_id, class_id, title, content, difficulty, max_participants, current_participants, wage, mission_date, status, created_at, updated_at) VALUES (17, 6, '발표 도우미', '모둠 발표 시 발표자 도와주기.', 2, 1, 0, 3000, '2025-04-07 01:51:12', 'RECRUITING', '2025-04-03 01:51:12', null);
INSERT INTO lufin.missions (mission_id, class_id, title, content, difficulty, max_participants, current_participants, wage, mission_date, status, created_at, updated_at) VALUES (18, 6, '운동장 청소', '점심시간 후 운동장을 청소하세요.', 3, 3, 0, 5000, '2025-04-09 01:51:12', 'RECRUITING', '2025-04-03 01:51:12', null);

