-- members
INSERT INTO lufin.members (member_id, email, password, secondary_password, salt, member_role, profile_image, name,
                           certification_number, created_at, updated_at, last_login, activation_status)
VALUES (1, 'student1@ssafy.com', 'cPW/YF748KQsPdOglMvBBoIknWbk43/RoJL6eR19Jn8=',
        'BY00U8XWwpVWdnRX5e2+WhpY5ZQRFkhEx+JQ2e9VNk4=', 'FQOnw8ggeLSWcvWxmkayfw==', 'STUDENT', null, '학생1', null,
        '2025-04-04 12:58:57', '2025-04-04 13:05:54', '2025-04-04 13:05:54', 1);
INSERT INTO lufin.members (member_id, email, password, secondary_password, salt, member_role, profile_image, name,
                           certification_number, created_at, updated_at, last_login, activation_status)
VALUES (2, 'student2@ssafy.com', '9DmXPkERiG9t3mo1BMrzJ41gaP7yYA1vv/Td5QWOiS8=',
        'nIXUhezfwHmEHZobz/ZnVNB0q98psZnNlhWCK1RNCKI=', 'c2ekJySwdfSub/9IWsIqig==', 'STUDENT', null, '학생2', null,
        '2025-04-04 12:59:05', '2025-04-04 13:06:28', '2025-04-04 13:06:28', 1);
INSERT INTO lufin.members (member_id, email, password, secondary_password, salt, member_role, profile_image, name,
                           certification_number, created_at, updated_at, last_login, activation_status)
VALUES (3, 'student3@ssafy.com', '+B1cJ7g+Z2iPBDXFRRmBlhv/t+66gNrAvv98v0wI9dQ=',
        'FTrskA4Pi2z/WIknlaCNPpuhcaNSuqtT0k8OmzHnjno=', 'HP8l/Mpo4pX7a2lLMZFN9A==', 'STUDENT', null, '학생3', null,
        '2025-04-04 12:59:11', '2025-04-04 13:06:45', '2025-04-04 13:06:45', 1);
INSERT INTO lufin.members (member_id, email, password, secondary_password, salt, member_role, profile_image, name,
                           certification_number, created_at, updated_at, last_login, activation_status)
VALUES (4, 'student4@ssafy.com', '0RD+lS4OQ0KwaUMtwS9kybpzFK3FVizU47MnKbotAkc=',
        '7qh/zvxGG5SN/loCo3KKLLnTXlgHjV1RNfXysSYenmE=', 'ovwOqyJ4+IyU3kcOqQf7Vg==', 'STUDENT', null, '학생4', null,
        '2025-04-04 12:59:23', '2025-04-04 13:07:26', '2025-04-04 13:07:26', 1);
INSERT INTO lufin.members (member_id, email, password, secondary_password, salt, member_role, profile_image, name,
                           certification_number, created_at, updated_at, last_login, activation_status)
VALUES (5, 'student5@ssafy.com', '2VpY7sg6XYWbbAYmalfhjrmpjAE6Fzd2sPZs2x1Rv5Y=',
        'zfpdfDgg1Hj5ZsbKF0I/5GadmUmNZ7C0gFdOgkTY5xQ=', 'PUkZKMls4GG4CSUrAouYFw==', 'STUDENT', null, '학생5', null,
        '2025-04-04 12:59:31', '2025-04-04 13:07:48', '2025-04-04 13:07:48', 1);
INSERT INTO lufin.members (member_id, email, password, secondary_password, salt, member_role, profile_image, name,
                           certification_number, created_at, updated_at, last_login, activation_status)
VALUES (6, 'student6@ssafy.com', 'AGHLKyuhgp0m1aPrIc77nRWGa3PtohwUXxHrYOVFiUs=',
        'r88GBDYa+M5/GUWeBxtHWgjidPhKit36AHRZFXTTNOs=', '2NuTqdSMxf/63Xhfe1ZEvA==', 'STUDENT', null, '학생6', null,
        '2025-04-04 12:59:40', '2025-04-04 13:09:59', '2025-04-04 13:09:59', 1);
INSERT INTO lufin.members (member_id, email, password, secondary_password, salt, member_role, profile_image, name,
                           certification_number, created_at, updated_at, last_login, activation_status)
VALUES (7, 'student7@ssafy.com', 'kutkNhSB0gPtUgH9NRKtkvWvX7YTd4DGf0xYSyugGLU=',
        'IQjQg+YkksCRnoUqZnbO5l52OuHrcEmZVPShD7OJgJA=', '0sBXzQ2hhFyI+ABlYJ9MEA==', 'STUDENT', null, '학생7', null,
        '2025-04-04 12:59:47', '2025-04-04 13:10:31', '2025-04-04 13:10:31', 1);
INSERT INTO lufin.members (member_id, email, password, secondary_password, salt, member_role, profile_image, name,
                           certification_number, created_at, updated_at, last_login, activation_status)
VALUES (8, 'student8@ssafy.com', 'ddpqQ1PsR3/DTawxKHeYp32xCg2MwdfIFKDdIKYb8gU=',
        'Yrr+CaD1VoYwQ6u3wtafFXVHP6tjA3b6QzOZH9UA15A=', 'ANXg94uZRuY3P3I4Mz/I3g==', 'STUDENT', null, '학생8', null,
        '2025-04-04 12:59:53', '2025-04-04 13:10:48', '2025-04-04 13:10:48', 1);
INSERT INTO lufin.members (member_id, email, password, secondary_password, salt, member_role, profile_image, name,
                           certification_number, created_at, updated_at, last_login, activation_status)
VALUES (9, 'student9@ssafy.com', 'iugFEe+BpgjKtxxcsbYSNOjq9F7ntTI3+ZY36/5mZoQ=',
        'wfs5Qdww2yPU/3J/wAnbtXgP2WmoZ+UbrQhn67eUtNY=', 'nIpvcdNRPnXG/vED4JyBag==', 'STUDENT', null, '힉생9', null,
        '2025-04-04 13:00:04', '2025-04-04 13:11:04', '2025-04-04 13:11:04', 1);
INSERT INTO lufin.members (member_id, email, password, secondary_password, salt, member_role, profile_image, name,
                           certification_number, created_at, updated_at, last_login, activation_status)
VALUES (10, 'teacher1@ssafy.com', '5Dbl8FIDMu8aWW0yuYmN3IbWVaJ9jPBqTjJ7M+7OIqc=',
        '/coyxoXqs6ACe5uSeKNa6aoTvw0nX63ZS6BowdPDfrA=', 'aSgS4CQ00gAzpumeZnaOPQ==', 'TEACHER', null, '선생님1', null,
        '2025-04-04 13:00:21', '2025-04-04 13:00:58', '2025-04-04 13:00:58', 1);
INSERT INTO lufin.members (member_id, email, password, secondary_password, salt, member_role, profile_image, name,
                           certification_number, created_at, updated_at, last_login, activation_status)
VALUES (11, 'teacher2@ssafy.com', 'xNlr+XOhdE+jLDivyTzSHQ2/L52eVsP2qG+gXQoHDTI=',
        'N1wc0OvjdaQvU9MB/DRZK53/bqMqQh3XRi44URUMWyo=', 'i40ZAB8UZBF2RQSrjfqheg==', 'TEACHER', null, '선생님2', null,
        '2025-04-04 13:00:33', '2025-04-04 13:08:33', '2025-04-04 13:08:33', 1);

-- classrooms
INSERT INTO lufin.classrooms (classroom_id, teacher_id, code, school, grade, class_group, name, member_count,
                              thumbnail_key, created_at)
VALUES (1, 10, 'mRX29', '싸피초', 4, 2, '4학년 2반', 1, 'classrooms/302e3f79-083c-4e7c-adf7-a788d9b9c891.jpg',
        '2025-04-04 13:03:47');
INSERT INTO lufin.classrooms (classroom_id, teacher_id, code, school, grade, class_group, name, member_count,
                              thumbnail_key, created_at)
VALUES (2, 10, 'Et0wJ', '싸피초', 4, 1, '4학년 1반', 6, 'classrooms/302e3f79-083c-4e7c-adf7-a788d9b9c891.jpg',
        '2025-04-04 13:04:02');
INSERT INTO lufin.classrooms (classroom_id, teacher_id, code, school, grade, class_group, name, member_count,
                              thumbnail_key, created_at)
VALUES (3, 11, 'w2O0t', '싸피초', 5, 1, '5학년 1반', 1, 'classrooms/302e3f79-083c-4e7c-adf7-a788d9b9c891.jpg',
        '2025-04-04 13:09:06');
INSERT INTO lufin.classrooms (classroom_id, teacher_id, code, school, grade, class_group, name, member_count,
                              thumbnail_key, created_at)
VALUES (4, 11, 'J5mFd', '싸피초', 5, 2, '5학년 2반', 5, 'classrooms/302e3f79-083c-4e7c-adf7-a788d9b9c891.jpg',
        '2025-04-04 13:09:17');

-- accounts
INSERT INTO lufin.accounts (account_id, member_id, classroom_id, account_type, account_number, balance, created_at,
                            closed_at)
VALUES (1, null, 1, 'CLASSROOM', '224-513-656-843', 0, '2025-04-04 13:03:47', '2025-04-04 13:04:02');
INSERT INTO lufin.accounts (account_id, member_id, classroom_id, account_type, account_number, balance, created_at,
                            closed_at)
VALUES (2, null, 2, 'CLASSROOM', '480-290-966-408', 0, '2025-04-04 13:04:02', null);
INSERT INTO lufin.accounts (account_id, member_id, classroom_id, account_type, account_number, balance, created_at,
                            closed_at)
VALUES (3, 1, null, 'DEPOSIT', '392-561-649-250', 0, '2025-04-04 13:06:18', null);
INSERT INTO lufin.accounts (account_id, member_id, classroom_id, account_type, account_number, balance, created_at,
                            closed_at)
VALUES (4, 2, null, 'DEPOSIT', '925-290-222-255', 0, '2025-04-04 13:06:37', null);
INSERT INTO lufin.accounts (account_id, member_id, classroom_id, account_type, account_number, balance, created_at,
                            closed_at)
VALUES (5, 3, null, 'DEPOSIT', '218-832-309-698', 0, '2025-04-04 13:07:01', null);
INSERT INTO lufin.accounts (account_id, member_id, classroom_id, account_type, account_number, balance, created_at,
                            closed_at)
VALUES (6, 4, null, 'DEPOSIT', '612-162-323-896', 0, '2025-04-04 13:07:35', null);
INSERT INTO lufin.accounts (account_id, member_id, classroom_id, account_type, account_number, balance, created_at,
                            closed_at)
VALUES (7, 5, null, 'DEPOSIT', '562-239-101-512', 0, '2025-04-04 13:08:00', null);
INSERT INTO lufin.accounts (account_id, member_id, classroom_id, account_type, account_number, balance, created_at,
                            closed_at)
VALUES (8, null, 3, 'CLASSROOM', '617-504-233-583', 0, '2025-04-04 13:09:06', '2025-04-04 13:09:17');
INSERT INTO lufin.accounts (account_id, member_id, classroom_id, account_type, account_number, balance, created_at,
                            closed_at)
VALUES (9, null, 4, 'CLASSROOM', '902-495-555-151', 0, '2025-04-04 13:09:17', null);
INSERT INTO lufin.accounts (account_id, member_id, classroom_id, account_type, account_number, balance, created_at,
                            closed_at)
VALUES (10, 6, null, 'DEPOSIT', '604-789-460-984', 0, '2025-04-04 13:10:24', null);

-- member-classroom
INSERT INTO lufin.member_classrooms (member_class_id, classroom_id, member_id, join_date, is_current)
VALUES (1, 1, 10, '2025-04-04 13:03:47', 0);
INSERT INTO lufin.member_classrooms (member_class_id, classroom_id, member_id, join_date, is_current)
VALUES (2, 2, 10, '2025-04-04 13:04:02', 1);
INSERT INTO lufin.member_classrooms (member_class_id, classroom_id, member_id, join_date, is_current)
VALUES (3, 2, 1, '2025-04-04 13:06:18', 1);
INSERT INTO lufin.member_classrooms (member_class_id, classroom_id, member_id, join_date, is_current)
VALUES (4, 2, 2, '2025-04-04 13:06:37', 1);
INSERT INTO lufin.member_classrooms (member_class_id, classroom_id, member_id, join_date, is_current)
VALUES (5, 2, 3, '2025-04-04 13:07:01', 1);
INSERT INTO lufin.member_classrooms (member_class_id, classroom_id, member_id, join_date, is_current)
VALUES (6, 2, 4, '2025-04-04 13:07:35', 1);
INSERT INTO lufin.member_classrooms (member_class_id, classroom_id, member_id, join_date, is_current)
VALUES (7, 2, 5, '2025-04-04 13:08:00', 1);
INSERT INTO lufin.member_classrooms (member_class_id, classroom_id, member_id, join_date, is_current)
VALUES (8, 3, 11, '2025-04-04 13:09:06', 0);
INSERT INTO lufin.member_classrooms (member_class_id, classroom_id, member_id, join_date, is_current)
VALUES (9, 4, 11, '2025-04-04 13:09:17', 1);

-- credit_scores
INSERT INTO lufin.credit_scores (member_id, score, grade, credit_status, credit_status_description, created_at,
                                 updated_at)
VALUES (1, 60, 'C', 0, null, '2025-04-04 12:58:57', null);
INSERT INTO lufin.credit_scores (member_id, score, grade, credit_status, credit_status_description, created_at,
                                 updated_at)
VALUES (2, 60, 'C', 0, null, '2025-04-04 12:59:05', null);
INSERT INTO lufin.credit_scores (member_id, score, grade, credit_status, credit_status_description, created_at,
                                 updated_at)
VALUES (3, 60, 'C', 0, null, '2025-04-04 12:59:11', null);
INSERT INTO lufin.credit_scores (member_id, score, grade, credit_status, credit_status_description, created_at,
                                 updated_at)
VALUES (4, 60, 'C', 0, null, '2025-04-04 12:59:23', null);
INSERT INTO lufin.credit_scores (member_id, score, grade, credit_status, credit_status_description, created_at,
                                 updated_at)
VALUES (5, 60, 'C', 0, null, '2025-04-04 12:59:31', null);
INSERT INTO lufin.credit_scores (member_id, score, grade, credit_status, credit_status_description, created_at,
                                 updated_at)
VALUES (6, 60, 'C', 0, null, '2025-04-04 12:59:40', null);
INSERT INTO lufin.credit_scores (member_id, score, grade, credit_status, credit_status_description, created_at,
                                 updated_at)
VALUES (7, 60, 'C', 0, null, '2025-04-04 12:59:47', null);
INSERT INTO lufin.credit_scores (member_id, score, grade, credit_status, credit_status_description, created_at,
                                 updated_at)
VALUES (8, 60, 'C', 0, null, '2025-04-04 12:59:53', null);
INSERT INTO lufin.credit_scores (member_id, score, grade, credit_status, credit_status_description, created_at,
                                 updated_at)
VALUES (9, 60, 'C', 0, null, '2025-04-04 13:00:04', null);


-- items
INSERT INTO lufin.items (item_id, classroom_id, name, type, price, quantity_available, quantity_sold, status,
                         expiration_date, created_at, updated_at)
VALUES (1, 2, '초콜릿 이용권', 0, 1000, 10, 0, 1, '2025-05-01 00:00:00', '2025-04-03 01:27:18', null);
INSERT INTO lufin.items (item_id, classroom_id, name, type, price, quantity_available, quantity_sold, status,
                         expiration_date, created_at, updated_at)
VALUES (2, 2, '급식 줄 우선권', 1, 2000, 10, 0, 1, '2025-05-01 00:00:00', '2025-04-03 01:27:18', null);
INSERT INTO lufin.items (item_id, classroom_id, name, type, price, quantity_available, quantity_sold, status,
                         expiration_date, created_at, updated_at)
VALUES (3, 2, '자리 변경 우선권', 1, 10000, 10, 0, 1, '2025-05-01 00:00:00', '2025-04-03 01:27:18', null);
INSERT INTO lufin.items (item_id, classroom_id, name, type, price, quantity_available, quantity_sold, status,
                         expiration_date, created_at, updated_at)
VALUES (4, 2, '학용품 빌리기 찬스', 1, 4000, 10, 0, 1, '2025-05-01 00:00:00', '2025-04-03 01:27:18', null);
INSERT INTO lufin.items (item_id, classroom_id, name, type, price, quantity_available, quantity_sold, status,
                         expiration_date, created_at, updated_at)
VALUES (5, 2, '교과서 빌리기', 1, 4000, 10, 0, 1, '2025-05-01 00:00:00', '2025-04-03 01:27:18', null);
INSERT INTO lufin.items (item_id, classroom_id, name, type, price, quantity_available, quantity_sold, status,
                         expiration_date, created_at, updated_at)
VALUES (6, 2, '청소 면제권', 0, 4000, 10, 0, 1, '2025-05-01 00:00:00', '2025-04-03 01:27:18', null);
INSERT INTO lufin.items (item_id, classroom_id, name, type, price, quantity_available, quantity_sold, status,
                         expiration_date, created_at, updated_at)
VALUES (7, 2, '일기 면제권', 0, 4000, 10, 0, 1, '2025-05-01 00:00:00', '2025-04-03 01:27:18', null);
INSERT INTO lufin.items (item_id, classroom_id, name, type, price, quantity_available, quantity_sold, status,
                         expiration_date, created_at, updated_at)
VALUES (8, 4, '초콜릿 이용권', 0, 1000, 10, 0, 1, '2025-05-01 00:00:00', '2025-04-03 01:28:22', null);
INSERT INTO lufin.items (item_id, classroom_id, name, type, price, quantity_available, quantity_sold, status,
                         expiration_date, created_at, updated_at)
VALUES (9, 4, '급식 줄 우선권', 1, 2000, 10, 0, 1, '2025-05-01 00:00:00', '2025-04-03 01:28:22', null);
INSERT INTO lufin.items (item_id, classroom_id, name, type, price, quantity_available, quantity_sold, status,
                         expiration_date, created_at, updated_at)
VALUES (10, 4, '자리 변경 우선권', 1, 10000, 10, 0, 1, '2025-05-01 00:00:00', '2025-04-03 01:28:22', null);
INSERT INTO lufin.items (item_id, classroom_id, name, type, price, quantity_available, quantity_sold, status,
                         expiration_date, created_at, updated_at)
VALUES (11, 4, '학용품 빌리기 찬스', 1, 4000, 10, 0, 1, '2025-05-01 00:00:00', '2025-04-03 01:28:22', null);
INSERT INTO lufin.items (item_id, classroom_id, name, type, price, quantity_available, quantity_sold, status,
                         expiration_date, created_at, updated_at)
VALUES (12, 4, '교과서 빌리기', 1, 4000, 10, 0, 1, '2025-05-01 00:00:00', '2025-04-03 01:28:22', null);
INSERT INTO lufin.items (item_id, classroom_id, name, type, price, quantity_available, quantity_sold, status,
                         expiration_date, created_at, updated_at)
VALUES (13, 4, '청소 면제권', 0, 4000, 10, 0, 1, '2025-05-01 00:00:00', '2025-04-03 01:28:22', null);
INSERT INTO lufin.items (item_id, classroom_id, name, type, price, quantity_available, quantity_sold, status,
                         expiration_date, created_at, updated_at)
VALUES (14, 4, '일기 면제권', 0, 4000, 10, 0, 1, '2025-05-01 00:00:00', '2025-04-03 01:28:22', null);

-- loan-products
INSERT INTO lufin.loan_products (loan_product_id, name, description, credit_rank, max_amount, interest_rate, period,
                                 created_at, updated_at)
VALUES (1, '펭귄 대출', '14일 대출 상품', 0, 1000000, 0.02, 14, '2025-04-03 01:29:31', null);
INSERT INTO lufin.loan_products (loan_product_id, name, description, credit_rank, max_amount, interest_rate, period,
                                 created_at, updated_at)
VALUES (2, '펭귄 대출', '14일 대출 상품', 1, 1000000, 0.03, 14, '2025-04-03 01:29:31', null);
INSERT INTO lufin.loan_products (loan_product_id, name, description, credit_rank, max_amount, interest_rate, period,
                                 created_at, updated_at)
VALUES (3, '펭귄 대출', '14일 대출 상품', 2, 1000000, 0.04, 14, '2025-04-03 01:29:31', null);
INSERT INTO lufin.loan_products (loan_product_id, name, description, credit_rank, max_amount, interest_rate, period,
                                 created_at, updated_at)
VALUES (4, '펭귄 대출', '14일 대출 상품', 3, 1000000, 0.06, 14, '2025-04-03 01:29:31', null);
INSERT INTO lufin.loan_products (loan_product_id, name, description, credit_rank, max_amount, interest_rate, period,
                                 created_at, updated_at)
VALUES (5, '펭귄 대출', '14일 대출 상품', 4, 1000000, 0.08, 14, '2025-04-03 01:29:31', null);
INSERT INTO lufin.loan_products (loan_product_id, name, description, credit_rank, max_amount, interest_rate, period,
                                 created_at, updated_at)
VALUES (6, '고양이 대출', '28일 대출 상품', 0, 1000000, 0.03, 28, '2025-04-03 01:29:31', null);
INSERT INTO lufin.loan_products (loan_product_id, name, description, credit_rank, max_amount, interest_rate, period,
                                 created_at, updated_at)
VALUES (7, '고양이 대출', '28일 대출 상품', 1, 1000000, 0.04, 28, '2025-04-03 01:29:31', null);
INSERT INTO lufin.loan_products (loan_product_id, name, description, credit_rank, max_amount, interest_rate, period,
                                 created_at, updated_at)
VALUES (8, '고양이 대출', '28일 대출 상품', 2, 1000000, 0.06, 28, '2025-04-03 01:29:31', null);
INSERT INTO lufin.loan_products (loan_product_id, name, description, credit_rank, max_amount, interest_rate, period,
                                 created_at, updated_at)
VALUES (9, '고양이 대출', '28일 대출 상품', 3, 1000000, 0.08, 28, '2025-04-03 01:29:31', null);
INSERT INTO lufin.loan_products (loan_product_id, name, description, credit_rank, max_amount, interest_rate, period,
                                 created_at, updated_at)
VALUES (10, '고양이 대출', '28일 대출 상품', 4, 1000000, 0.1, 28, '2025-04-03 01:29:31', null);
INSERT INTO lufin.loan_products (loan_product_id, name, description, credit_rank, max_amount, interest_rate, period,
                                 created_at, updated_at)
VALUES (11, '호랑이 대출', '32일 대출 상품', 0, 1000000, 0.04, 32, '2025-04-03 01:29:31', null);
INSERT INTO lufin.loan_products (loan_product_id, name, description, credit_rank, max_amount, interest_rate, period,
                                 created_at, updated_at)
VALUES (12, '호랑이 대출', '32일 대출 상품', 1, 1000000, 0.06, 32, '2025-04-03 01:29:31', null);
INSERT INTO lufin.loan_products (loan_product_id, name, description, credit_rank, max_amount, interest_rate, period,
                                 created_at, updated_at)
VALUES (13, '호랑이 대출', '32일 대출 상품', 2, 1000000, 0.08, 32, '2025-04-03 01:29:31', null);
INSERT INTO lufin.loan_products (loan_product_id, name, description, credit_rank, max_amount, interest_rate, period,
                                 created_at, updated_at)
VALUES (14, '호랑이 대출', '32일 대출 상품', 3, 1000000, 0.1, 32, '2025-04-03 01:29:31', null);
INSERT INTO lufin.loan_products (loan_product_id, name, description, credit_rank, max_amount, interest_rate, period,
                                 created_at, updated_at)
VALUES (15, '호랑이 대출', '32일 대출 상품', 4, 1000000, 0.12, 32, '2025-04-03 01:29:31', null);

-- missions
INSERT INTO lufin.missions (mission_id, class_id, title, content, difficulty, max_participants, current_participants,
                            wage, mission_date, status, created_at, updated_at)
VALUES (1, 2, '도서관 책 정리', '책을 정리하고 청결을 유지하세요.', 2, 2, 0, 4000, '2025-04-06 01:51:12', 'RECRUITING',
        '2025-04-03 01:51:12', null);
INSERT INTO lufin.missions (mission_id, class_id, title, content, difficulty, max_participants, current_participants,
                            wage, mission_date, status, created_at, updated_at)
VALUES (2, 2, '학급 게시판 정리', '게시판을 보기 좋게 꾸며주세요.', 2, 2, 0, 4000, '2025-04-06 01:51:12', 'RECRUITING',
        '2025-04-03 01:51:12', null);
INSERT INTO lufin.missions (mission_id, class_id, title, content, difficulty, max_participants, current_participants,
                            wage, mission_date, status, created_at, updated_at)
VALUES (3, 2, '칠판 닦기', '하루 동안 칠판을 깨끗하게 유지하세요.', 1, 1, 0, 2000, '2025-04-07 01:51:12', 'RECRUITING',
        '2025-04-03 01:51:12', null);
INSERT INTO lufin.missions (mission_id, class_id, title, content, difficulty, max_participants, current_participants,
                            wage, mission_date, status, created_at, updated_at)
VALUES (4, 2, '물품 나르기', '교실 물품을 옮기는 미션입니다.', 3, 2, 0, 5000, '2025-04-09 01:51:12', 'RECRUITING', '2025-04-03 01:51:12',
        null);
INSERT INTO lufin.missions (mission_id, class_id, title, content, difficulty, max_participants, current_participants,
                            wage, mission_date, status, created_at, updated_at)
VALUES (5, 2, '발표 도우미', '모둠 발표 시 발표자 도와주기.', 2, 1, 0, 3000, '2025-04-07 01:51:12', 'RECRUITING', '2025-04-03 01:51:12',
        null);
INSERT INTO lufin.missions (mission_id, class_id, title, content, difficulty, max_participants, current_participants,
                            wage, mission_date, status, created_at, updated_at)
VALUES (6, 2, '운동장 청소', '점심시간 후 운동장을 청소하세요.', 3, 3, 0, 5000, '2025-04-09 01:51:12', 'RECRUITING', '2025-04-03 01:51:12',
        null);
INSERT INTO lufin.missions (mission_id, class_id, title, content, difficulty, max_participants, current_participants,
                            wage, mission_date, status, created_at, updated_at)
VALUES (7, 4, '도서관 책 정리', '책을 정리하고 청결을 유지하세요.', 2, 2, 0, 4000, '2025-04-06 01:51:12', 'RECRUITING',
        '2025-04-03 01:51:12', null);
INSERT INTO lufin.missions (mission_id, class_id, title, content, difficulty, max_participants, current_participants,
                            wage, mission_date, status, created_at, updated_at)
VALUES (8, 4, '학급 게시판 정리', '게시판을 보기 좋게 꾸며주세요.', 2, 2, 0, 4000, '2025-04-06 01:51:12', 'RECRUITING',
        '2025-04-03 01:51:12', null);
INSERT INTO lufin.missions (mission_id, class_id, title, content, difficulty, max_participants, current_participants,
                            wage, mission_date, status, created_at, updated_at)
VALUES (9, 4, '칠판 닦기', '하루 동안 칠판을 깨끗하게 유지하세요.', 1, 1, 0, 2000, '2025-04-07 01:51:12', 'RECRUITING',
        '2025-04-03 01:51:12', null);
INSERT INTO lufin.missions (mission_id, class_id, title, content, difficulty, max_participants, current_participants,
                            wage, mission_date, status, created_at, updated_at)
VALUES (10, 4, '물품 나르기', '교실 물품을 옮기는 미션입니다.', 3, 2, 0, 5000, '2025-04-09 01:51:12', 'RECRUITING', '2025-04-03 01:51:12',
        null);
INSERT INTO lufin.missions (mission_id, class_id, title, content, difficulty, max_participants, current_participants,
                            wage, mission_date, status, created_at, updated_at)
VALUES (11, 4, '발표 도우미', '모둠 발표 시 발표자 도와주기.', 2, 1, 0, 3000, '2025-04-07 01:51:12', 'RECRUITING', '2025-04-03 01:51:12',
        null);
INSERT INTO lufin.missions (mission_id, class_id, title, content, difficulty, max_participants, current_participants,
                            wage, mission_date, status, created_at, updated_at)
VALUES (12, 4, '운동장 청소', '점심시간 후 운동장을 청소하세요.', 3, 3, 0, 5000, '2025-04-09 01:51:12', 'RECRUITING',
        '2025-04-03 01:51:12', null);

-- 미션 참여(mission_participations) 추가 (총 10개)

-- 미션 이미지(mission_images) 추가 (총 10개)
INSERT INTO lufin.mission_images (mission_id, object_key, created_at)
VALUES (1, 'missions/image1.jpg', NOW());
INSERT INTO lufin.mission_images (mission_id, object_key, created_at)
VALUES (2, 'missions/image2.jpg', NOW());
INSERT INTO lufin.mission_images (mission_id, object_key, created_at)
VALUES (3, 'missions/image3.jpg', NOW());
INSERT INTO lufin.mission_images (mission_id, object_key, created_at)
VALUES (4, 'missions/image4.jpg', NOW());
INSERT INTO lufin.mission_images (mission_id, object_key, created_at)
VALUES (5, 'missions/image5.jpg', NOW());
INSERT INTO lufin.mission_images (mission_id, object_key, created_at)
VALUES (6, 'missions/image6.jpg', NOW());
INSERT INTO lufin.mission_images (mission_id, object_key, created_at)
VALUES (1, 'missions/image7.jpg', DATE_SUB(NOW(), INTERVAL 1 DAY));
INSERT INTO lufin.mission_images (mission_id, object_key, created_at)
VALUES (2, 'missions/image8.jpg', DATE_SUB(NOW(), INTERVAL 1 DAY));
INSERT INTO lufin.mission_images (mission_id, object_key, created_at)
VALUES (3, 'missions/image9.jpg', DATE_SUB(NOW(), INTERVAL 2 DAY));
INSERT INTO lufin.mission_images (mission_id, object_key, created_at)
VALUES (4, 'missions/image10.jpg', DATE_SUB(NOW(), INTERVAL 2 DAY));

-- 적금 상품(savings_products) 추가
INSERT INTO lufin.savings_products (name, description, period, interest_rate, min_amount, created_at)
VALUES ('행복 적금', '14일 만기 적금 상품입니다. 이자율 3%', 14, 3.00, 5000, NOW());
INSERT INTO lufin.savings_products (name, description, period, interest_rate, min_amount, created_at)
VALUES ('미래 적금', '28일 만기 적금 상품입니다. 이자율 5%', 28, 5.00, 10000, NOW());
INSERT INTO lufin.savings_products (name, description, period, interest_rate, min_amount, created_at)
VALUES ('꿈나무 적금', '42일 만기 적금 상품입니다. 이자율 7%', 42, 7.00, 15000, NOW());

-- 적금 계좌(savings_accounts) 추가 (총 10개)
INSERT INTO lufin.savings_accounts (member_id, savings_product_id, status, current_balance, deposit_count, created_at,
                                    due_date)
VALUES (1, 1, 1, 10000, 1, NOW(), DATE_ADD(NOW(), INTERVAL 14 DAY));
INSERT INTO lufin.savings_accounts (member_id, savings_product_id, status, current_balance, deposit_count, created_at,
                                    due_date)
VALUES (2, 2, 1, 15000, 1, NOW(), DATE_ADD(NOW(), INTERVAL 28 DAY));
INSERT INTO lufin.savings_accounts (member_id, savings_product_id, status, current_balance, deposit_count, created_at,
                                    due_date)
VALUES (3, 3, 1, 20000, 2, NOW(), DATE_ADD(NOW(), INTERVAL 42 DAY));
INSERT INTO lufin.savings_accounts (member_id, savings_product_id, status, current_balance, deposit_count, created_at,
                                    due_date)
VALUES (4, 1, 1, 12000, 1, NOW(), DATE_ADD(NOW(), INTERVAL 14 DAY));
INSERT INTO lufin.savings_accounts (member_id, savings_product_id, status, current_balance, deposit_count, created_at,
                                    due_date)
VALUES (5, 2, 1, 18000, 2, NOW(), DATE_ADD(NOW(), INTERVAL 28 DAY));
INSERT INTO lufin.savings_accounts (member_id, savings_product_id, status, current_balance, deposit_count, created_at,
                                    due_date)
VALUES (6, 3, 1, 25000, 3, NOW(), DATE_ADD(NOW(), INTERVAL 42 DAY));
INSERT INTO lufin.savings_accounts (member_id, savings_product_id, status, current_balance, deposit_count, created_at,
                                    due_date)
VALUES (1, 2, 1, 8000, 1, DATE_SUB(NOW(), INTERVAL 10 DAY), DATE_ADD(NOW(), INTERVAL 18 DAY));
INSERT INTO lufin.savings_accounts (member_id, savings_product_id, status, current_balance, deposit_count, created_at,
                                    due_date)
VALUES (2, 3, 1, 13000, 2, DATE_SUB(NOW(), INTERVAL 15 DAY), DATE_ADD(NOW(), INTERVAL 27 DAY));
INSERT INTO lufin.savings_accounts (member_id, savings_product_id, status, current_balance, deposit_count, created_at,
                                    due_date)
VALUES (3, 1, 0, 30000, 3, DATE_SUB(NOW(), INTERVAL 20 DAY), DATE_SUB(NOW(), INTERVAL 6 DAY));
INSERT INTO lufin.savings_accounts (member_id, savings_product_id, status, current_balance, deposit_count, created_at,
                                    due_date)
VALUES (4, 2, 0, 22000, 2, DATE_SUB(NOW(), INTERVAL 30 DAY), DATE_SUB(NOW(), INTERVAL 2 DAY));

-- 적금 거래 내역(savings_histories) 추가 (총 10개)
INSERT INTO lufin.savings_histories (savings_account_id, type, amount, created_at)
VALUES (1, 1, 10000, NOW());
INSERT INTO lufin.savings_histories (savings_account_id, type, amount, created_at)
VALUES (2, 1, 15000, NOW());
INSERT INTO lufin.savings_histories (savings_account_id, type, amount, created_at)
VALUES (3, 1, 10000, DATE_SUB(NOW(), INTERVAL 5 DAY));
INSERT INTO lufin.savings_histories (savings_account_id, type, amount, created_at)
VALUES (3, 1, 10000, NOW());
INSERT INTO lufin.savings_histories (savings_account_id, type, amount, created_at)
VALUES (4, 1, 12000, NOW());
INSERT INTO lufin.savings_histories (savings_account_id, type, amount, created_at)
VALUES (5, 1, 10000, DATE_SUB(NOW(), INTERVAL 7 DAY));
INSERT INTO lufin.savings_histories (savings_account_id, type, amount, created_at)
VALUES (5, 1, 8000, NOW());
INSERT INTO lufin.savings_histories (savings_account_id, type, amount, created_at)
VALUES (6, 1, 10000, DATE_SUB(NOW(), INTERVAL 10 DAY));
INSERT INTO lufin.savings_histories (savings_account_id, type, amount, created_at)
VALUES (6, 1, 8000, DATE_SUB(NOW(), INTERVAL 5 DAY));
INSERT INTO lufin.savings_histories (savings_account_id, type, amount, created_at)
VALUES (6, 1, 7000, NOW());

-- 주식 상품(stock_products) 추가
INSERT INTO lufin.stock_products (name, description, initial_price, current_price, created_at)
VALUES ('싸피전자', '전자제품 제조 기업입니다.', 10000, 12000, NOW());
INSERT INTO lufin.stock_products (name, description, initial_price, current_price, created_at)
VALUES ('싸피건설', '건설 관련 기업입니다.', 8000, 7500, NOW());
INSERT INTO lufin.stock_products (name, description, initial_price, current_price, created_at)
VALUES ('싸피식품', '식품 제조 기업입니다.', 5000, 5500, NOW());

-- 주식 가격 변동 내역(stock_price_histories) 추가 (총 10개)
INSERT INTO lufin.stock_price_histories (stock_product_id, unit_price, created_at)
VALUES (1, 10000, DATE_SUB(NOW(), INTERVAL 10 DAY));
INSERT INTO lufin.stock_price_histories (stock_product_id, unit_price, created_at)
VALUES (1, 10500, DATE_SUB(NOW(), INTERVAL 8 DAY));
INSERT INTO lufin.stock_price_histories (stock_product_id, unit_price, created_at)
VALUES (1, 11000, DATE_SUB(NOW(), INTERVAL 6 DAY));
INSERT INTO lufin.stock_price_histories (stock_product_id, unit_price, created_at)
VALUES (1, 11500, DATE_SUB(NOW(), INTERVAL 4 DAY));
INSERT INTO lufin.stock_price_histories (stock_product_id, unit_price, created_at)
VALUES (1, 12000, DATE_SUB(NOW(), INTERVAL 2 DAY));
INSERT INTO lufin.stock_price_histories (stock_product_id, unit_price, created_at)
VALUES (2, 8000, DATE_SUB(NOW(), INTERVAL 10 DAY));
INSERT INTO lufin.stock_price_histories (stock_product_id, unit_price, created_at)
VALUES (2, 7900, DATE_SUB(NOW(), INTERVAL 8 DAY));
INSERT INTO lufin.stock_price_histories (stock_product_id, unit_price, created_at)
VALUES (2, 7800, DATE_SUB(NOW(), INTERVAL 6 DAY));
INSERT INTO lufin.stock_price_histories (stock_product_id, unit_price, created_at)
VALUES (2, 7600, DATE_SUB(NOW(), INTERVAL 4 DAY));
INSERT INTO lufin.stock_price_histories (stock_product_id, unit_price, created_at)
VALUES (2, 7500, DATE_SUB(NOW(), INTERVAL 2 DAY));

-- 주식 뉴스(stock_news) 추가 (총 10개)
INSERT INTO lufin.stock_news (stock_product_id, content, created_at)
VALUES (1, '싸피전자, 신제품 출시로 인한 호실적 예상', NOW());
INSERT INTO lufin.stock_news (stock_product_id, content, created_at)
VALUES (2, '싸피건설, 건설경기 침체로 실적 악화 전망', NOW());
INSERT INTO lufin.stock_news (stock_product_id, content, created_at)
VALUES (3, '싸피식품, 신규 식품 라인 확장으로 매출 증가 예상', DATE_SUB(NOW(), INTERVAL 1 DAY));
INSERT INTO lufin.stock_news (stock_product_id, content, created_at)
VALUES (1, '싸피전자, 연간 실적 발표 예정. 시장 기대감 상승', DATE_SUB(NOW(), INTERVAL 2 DAY));
INSERT INTO lufin.stock_news (stock_product_id, content, created_at)
VALUES (2, '싸피건설, 신규 프로젝트 수주 실패로 주가 하락', DATE_SUB(NOW(), INTERVAL 3 DAY));
INSERT INTO lufin.stock_news (stock_product_id, content, created_at)
VALUES (3, '싸피식품, 식품 안전 검사 통과로 소비자 신뢰도 상승', DATE_SUB(NOW(), INTERVAL 4 DAY));
INSERT INTO lufin.stock_news (stock_product_id, content, created_at)
VALUES (1, '싸피전자, 해외 시장 진출 본격화', DATE_SUB(NOW(), INTERVAL 5 DAY));
INSERT INTO lufin.stock_news (stock_product_id, content, created_at)
VALUES (2, '싸피건설, 리모델링 사업 확대로 새로운 성장동력 확보', DATE_SUB(NOW(), INTERVAL 6 DAY));
INSERT INTO lufin.stock_news (stock_product_id, content, created_at)
VALUES (3, '싸피식품, 친환경 패키지 도입으로 ESG 경영 강화', DATE_SUB(NOW(), INTERVAL 7 DAY));
INSERT INTO lufin.stock_news (stock_product_id, content, created_at)
VALUES (1, '싸피전자, 신기술 특허 취득으로 기술력 입증', DATE_SUB(NOW(), INTERVAL 8 DAY));

-- 주식 포트폴리오(stock_portfolios) 추가 (총 10개)
INSERT INTO lufin.stock_portfolios (stock_product_id, classroom_id, member_id, quantity, total_purchase_amount,
                                    total_sell_amount, created_at)
VALUES (1, 2, 1, 5, 50000, 0, NOW());
INSERT INTO lufin.stock_portfolios (stock_product_id, classroom_id, member_id, quantity, total_purchase_amount,
                                    total_sell_amount, created_at)
VALUES (2, 2, 1, 3, 24000, 0, NOW());
INSERT INTO lufin.stock_portfolios (stock_product_id, classroom_id, member_id, quantity, total_purchase_amount,
                                    total_sell_amount, created_at)
VALUES (3, 2, 1, 2, 10000, 0, NOW());
INSERT INTO lufin.stock_portfolios (stock_product_id, classroom_id, member_id, quantity, total_purchase_amount,
                                    total_sell_amount, created_at)
VALUES (1, 2, 2, 3, 30000, 0, NOW());
INSERT INTO lufin.stock_portfolios (stock_product_id, classroom_id, member_id, quantity, total_purchase_amount,
                                    total_sell_amount, created_at)
VALUES (2, 2, 2, 4, 32000, 0, NOW());
INSERT INTO lufin.stock_portfolios (stock_product_id, classroom_id, member_id, quantity, total_purchase_amount,
                                    total_sell_amount, created_at)
VALUES (3, 2, 2, 10, 50000, 0, NOW());
INSERT INTO lufin.stock_portfolios (stock_product_id, classroom_id, member_id, quantity, total_purchase_amount,
                                    total_sell_amount, created_at)
VALUES (1, 2, 3, 2, 20000, 0, NOW());
INSERT INTO lufin.stock_portfolios (stock_product_id, classroom_id, member_id, quantity, total_purchase_amount,
                                    total_sell_amount, created_at)
VALUES (2, 2, 3, 5, 40000, 0, NOW());
INSERT INTO lufin.stock_portfolios (stock_product_id, classroom_id, member_id, quantity, total_purchase_amount,
                                    total_sell_amount, created_at)
VALUES (3, 2, 4, 4, 20000, 0, NOW());
INSERT INTO lufin.stock_portfolios (stock_product_id, classroom_id, member_id, quantity, total_purchase_amount,
                                    total_sell_amount, created_at)
VALUES (1, 2, 5, 6, 60000, 0, NOW());

-- 주식 거래 내역(stock_histories) 추가 (총 10개)
INSERT INTO lufin.stock_histories (stock_product_id, classroom_id, member_id, type, quantity, unit_price, total_value,
                                   created_at)
VALUES (1, 2, 1, 1, 5, 10000, 50000, DATE_SUB(NOW(), INTERVAL 5 DAY));
INSERT INTO lufin.stock_histories (stock_product_id, classroom_id, member_id, type, quantity, unit_price, total_value,
                                   created_at)
VALUES (2, 2, 1, 1, 3, 8000, 24000, DATE_SUB(NOW(), INTERVAL 4 DAY));
INSERT INTO lufin.stock_histories (stock_product_id, classroom_id, member_id, type, quantity, unit_price, total_value,
                                   created_at)
VALUES (3, 2, 1, 1, 2, 5000, 10000, DATE_SUB(NOW(), INTERVAL 3 DAY));
INSERT INTO lufin.stock_histories (stock_product_id, classroom_id, member_id, type, quantity, unit_price, total_value,
                                   created_at)
VALUES (1, 2, 2, 1, 3, 10000, 30000, DATE_SUB(NOW(), INTERVAL 5 DAY));
INSERT INTO lufin.stock_histories (stock_product_id, classroom_id, member_id, type, quantity, unit_price, total_value,
                                   created_at)
VALUES (2, 2, 2, 1, 4, 8000, 32000, DATE_SUB(NOW(), INTERVAL 4 DAY));
INSERT INTO lufin.stock_histories (stock_product_id, classroom_id, member_id, type, quantity, unit_price, total_value,
                                   created_at)
VALUES (3, 2, 2, 1, 10, 5000, 50000, DATE_SUB(NOW(), INTERVAL 3 DAY));
INSERT INTO lufin.stock_histories (stock_product_id, classroom_id, member_id, type, quantity, unit_price, total_value,
                                   created_at)
VALUES (1, 2, 3, 1, 2, 10000, 20000, DATE_SUB(NOW(), INTERVAL 2 DAY));
INSERT INTO lufin.stock_histories (stock_product_id, classroom_id, member_id, type, quantity, unit_price, total_value,
                                   created_at)
VALUES (2, 2, 3, 1, 5, 8000, 40000, DATE_SUB(NOW(), INTERVAL 2 DAY));
INSERT INTO lufin.stock_histories (stock_product_id, classroom_id, member_id, type, quantity, unit_price, total_value,
                                   created_at)
VALUES (3, 2, 4, 1, 4, 5000, 20000, DATE_SUB(NOW(), INTERVAL 1 DAY));
INSERT INTO lufin.stock_histories (stock_product_id, classroom_id, member_id, type, quantity, unit_price, total_value,
                                   created_at)
VALUES (1, 2, 5, 1, 6, 10000, 60000, DATE_SUB(NOW(), INTERVAL 1 DAY));

-- 대출 신청(loan_applications) 추가 (총 10개)
INSERT INTO lufin.loan_applications (member_id, classroom_id, loan_product_id, description, status, required_amount,
                                     interest_amount, next_payment_date, created_at, started_at, due_date)
VALUES (1, 2, 1, '학용품 구매를 위한 대출', 'OPEN', 30000, 600, DATE_ADD(NOW(), INTERVAL 7 DAY), NOW(), NOW(),
        DATE_ADD(NOW(), INTERVAL 14 DAY));
INSERT INTO lufin.loan_applications (member_id, classroom_id, loan_product_id, description, status, required_amount,
                                     interest_amount, next_payment_date, created_at, started_at, due_date)
VALUES (2, 2, 6, '책 구매를 위한 대출', 'OPEN', 50000, 1500, DATE_ADD(NOW(), INTERVAL 7 DAY), NOW(), NOW(),
        DATE_ADD(NOW(), INTERVAL 28 DAY));
INSERT INTO lufin.loan_applications (member_id, classroom_id, loan_product_id, description, status, required_amount,
                                     interest_amount, next_payment_date, created_at, started_at, due_date)
VALUES (3, 2, 11, '체육용품 구매를 위한 대출', 'OPEN', 40000, 1600, DATE_ADD(NOW(), INTERVAL 7 DAY), NOW(), NOW(),
        DATE_ADD(NOW(), INTERVAL 32 DAY));
INSERT INTO lufin.loan_applications (member_id, classroom_id, loan_product_id, description, status, required_amount,
                                     interest_amount, next_payment_date, created_at, started_at, due_date)
VALUES (4, 2, 2, '미술용품 구매를 위한 대출', 'OPEN', 35000, 1050, DATE_ADD(NOW(), INTERVAL 7 DAY), NOW(), NOW(),
        DATE_ADD(NOW(), INTERVAL 14 DAY));
INSERT INTO lufin.loan_applications (member_id, classroom_id, loan_product_id, description, status, required_amount,
                                     interest_amount, next_payment_date, created_at, started_at, due_date)
VALUES (5, 2, 7, '악기 구매를 위한 대출', 'OPEN', 60000, 2400, DATE_ADD(NOW(), INTERVAL 7 DAY), NOW(), NOW(),
        DATE_ADD(NOW(), INTERVAL 28 DAY));
INSERT INTO lufin.loan_applications (member_id, classroom_id, loan_product_id, description, status, required_amount,
                                     interest_amount, next_payment_date, created_at, started_at, due_date)
VALUES (1, 2, 12, '영어 교재 구매를 위한 대출', 'PENDING', 45000, 2700, NULL, DATE_SUB(NOW(), INTERVAL 1 DAY), NULL, NULL);
INSERT INTO lufin.loan_applications (member_id, classroom_id, loan_product_id, description, status, required_amount,
                                     interest_amount, next_payment_date, created_at, started_at, due_date)
VALUES (2, 2, 3, '과학 실험 키트 구매를 위한 대출', 'PENDING', 55000, 2200, NULL, DATE_SUB(NOW(), INTERVAL 1 DAY), NULL, NULL);
INSERT INTO lufin.loan_applications (member_id, classroom_id, loan_product_id, description, status, required_amount,
                                     interest_amount, next_payment_date, created_at, started_at, due_date)
VALUES (3, 2, 8, '컴퓨터 부품 구매를 위한 대출', 'PENDING', 70000, 4200, NULL, DATE_SUB(NOW(), INTERVAL 2 DAY), NULL, NULL);
INSERT INTO lufin.loan_applications (member_id, classroom_id, loan_product_id, description, status, required_amount,
                                     interest_amount, next_payment_date, created_at, started_at, due_date)
VALUES (4, 2, 13, '체육대회 용품 구매를 위한 대출', 'REJECTED', 80000, 6400, NULL, DATE_SUB(NOW(), INTERVAL 5 DAY), NULL, NULL);
INSERT INTO lufin.loan_applications (member_id, classroom_id, loan_product_id, description, status, required_amount,
                                     interest_amount, next_payment_date, created_at, started_at, due_date)
VALUES (5, 2, 4, '수학 교구 구매를 위한 대출', 'CLOSED', 25000, 1500, NULL, DATE_SUB(NOW(), INTERVAL 20 DAY),
        DATE_SUB(NOW(), INTERVAL 20 DAY), DATE_SUB(NOW(), INTERVAL 6 DAY));

-- 대출 내역(loan_histories) 추가 (총 10개)
INSERT INTO lufin.loan_histories (loan_application_id, type, amount, created_at)
VALUES (1, 'DEPOSIT', 30000, NOW());
INSERT INTO lufin.loan_histories (loan_application_id, type, amount, created_at)
VALUES (2, 'DEPOSIT', 50000, NOW());
INSERT INTO lufin.loan_histories (loan_application_id, type, amount, created_at)
VALUES (3, 'DEPOSIT', 40000, NOW());
INSERT INTO lufin.loan_histories (loan_application_id, type, amount, created_at)
VALUES (4, 'DEPOSIT', 35000, NOW());
INSERT INTO lufin.loan_histories (loan_application_id, type, amount, created_at)
VALUES (5, 'DEPOSIT', 60000, NOW());
INSERT INTO lufin.loan_histories (loan_application_id, type, amount, created_at)
VALUES (10, 'DEPOSIT', 25000, DATE_SUB(NOW(), INTERVAL 20 DAY));
INSERT INTO lufin.loan_histories (loan_application_id, type, amount, created_at)
VALUES (10, 'WITHDRAW', 5000, DATE_SUB(NOW(), INTERVAL 15 DAY));
INSERT INTO lufin.loan_histories (loan_application_id, type, amount, created_at)
VALUES (10, 'WITHDRAW', 5000, DATE_SUB(NOW(), INTERVAL 10 DAY));
INSERT INTO lufin.loan_histories (loan_application_id, type, amount, created_at)
VALUES (10, 'WITHDRAW', 5000, DATE_SUB(NOW(), INTERVAL 5 DAY));
INSERT INTO lufin.loan_histories (loan_application_id, type, amount, created_at)
VALUES (10, 'WITHDRAW', 11500, DATE_SUB(NOW(), INTERVAL 1 DAY));

-- 직업(jobs) 추가 (총 10개)
INSERT INTO lufin.jobs (classroom_id, name, description, max_worker, current_worker, wage, created_at)
VALUES (2, '급식 도우미', '급식 배식을 돕는 역할입니다.', 2, 0, 2000, NOW());
INSERT INTO lufin.jobs (classroom_id, name, description, max_worker, current_worker, wage, created_at)
VALUES (2, '교실 관리자', '교실 정리정돈을 담당합니다.', 1, 0, 3000, NOW());
INSERT INTO lufin.jobs (classroom_id, name, description, max_worker, current_worker, wage, created_at)
VALUES (2, '은행원', '은행 업무를 돕는 역할입니다.', 1, 0, 4000, NOW());
INSERT INTO lufin.jobs (classroom_id, name, description, max_worker, current_worker, wage, created_at)
VALUES (2, '도서 관리자', '학급 도서 관리를 담당합니다.', 1, 0, 2500, NOW());
INSERT INTO lufin.jobs (classroom_id, name, description, max_worker, current_worker, wage, created_at)
VALUES (2, '분리수거 담당', '분리수거를 담당합니다.', 2, 0, 2000, NOW());
INSERT INTO lufin.jobs (classroom_id, name, description, max_worker, current_worker, wage, created_at)
VALUES (2, '환경미화원', '교실 청소를 담당합니다.', 3, 0, 1800, NOW());
INSERT INTO lufin.jobs (classroom_id, name, description, max_worker, current_worker, wage, created_at)
VALUES (2, '체육 기구 관리자', '체육 기구를 관리합니다.', 1, 0, 2200, NOW());
INSERT INTO lufin.jobs (classroom_id, name, description, max_worker, current_worker, wage, created_at)
VALUES (2, '방송부원', '학급 방송을 담당합니다.', 2, 0, 2500, NOW());
INSERT INTO lufin.jobs (classroom_id, name, description, max_worker, current_worker, wage, created_at)
VALUES (2, '보건 도우미', '보건실 업무를 돕습니다.', 1, 0, 2300, NOW());
INSERT INTO lufin.jobs (classroom_id, name, description, max_worker, current_worker, wage, created_at)
VALUES (2, '학습 도우미', '학습에 어려움을 겪는 친구들을 돕습니다.', 2, 0, 3000, NOW());

-- 직업 신청(job_requests) 추가 (총 10개)
INSERT INTO lufin.job_requests (job_id, member_id, type, message, status, created_at)
VALUES (1, 1, 'APPLICATION', '급식 도우미로 일하고 싶습니다.', 'PENDING', NOW());
INSERT INTO lufin.job_requests (job_id, member_id, type, message, status, created_at)
VALUES (3, 2, 'APPLICATION', '은행원으로 일하고 싶습니다.', 'APPROVED', NOW());
INSERT INTO lufin.job_requests (job_id, member_id, type, message, status, created_at)
VALUES (2, 3, 'APPLICATION', '교실 관리자로 일하고 싶습니다.', 'APPROVED', DATE_SUB(NOW(), INTERVAL 1 DAY));
INSERT INTO lufin.job_requests (job_id, member_id, type, message, status, created_at)
VALUES (4, 4, 'APPLICATION', '도서 관리자로 일하고 싶습니다.', 'PENDING', DATE_SUB(NOW(), INTERVAL 1 DAY));
INSERT INTO lufin.job_requests (job_id, member_id, type, message, status, created_at)
VALUES (5, 5, 'APPLICATION', '분리수거 담당으로 일하고 싶습니다.', 'REJECTED', DATE_SUB(NOW(), INTERVAL 2 DAY));
INSERT INTO lufin.job_requests (job_id, member_id, type, message, status, created_at)
VALUES (6, 1, 'APPLICATION', '환경미화원으로 일하고 싶습니다.', 'APPROVED', DATE_SUB(NOW(), INTERVAL 5 DAY));
INSERT INTO lufin.job_requests (job_id, member_id, type, message, status, created_at)
VALUES (6, 1, 'RESIGNATION', '다른 일을 하고 싶어 그만두고 싶습니다.', 'APPROVED', DATE_SUB(NOW(), INTERVAL 1 DAY));
INSERT INTO lufin.job_requests (job_id, member_id, type, message, status, created_at)
VALUES (7, 2, 'APPLICATION', '체육 기구 관리자로 일하고 싶습니다.', 'REJECTED', DATE_SUB(NOW(), INTERVAL 3 DAY));
INSERT INTO lufin.job_requests (job_id, member_id, type, message, status, created_at)
VALUES (8, 3, 'APPLICATION', '방송부원으로 일하고 싶습니다.', 'PENDING', DATE_SUB(NOW(), INTERVAL 1 DAY));
INSERT INTO lufin.job_requests (job_id, member_id, type, message, status, created_at)
VALUES (10, 4, 'APPLICATION', '학습 도우미로 일하고 싶습니다.', 'PENDING', NOW());

-- 아이템 템플릿(item_templates) 추가
INSERT INTO lufin.item_templates (name)
VALUES ('일반 아이템');
INSERT INTO lufin.item_templates (name)
VALUES ('특별 아이템');
INSERT INTO lufin.item_templates (name)
VALUES ('계절 아이템');

-- 아이템 구매(item_purchases) 추가 (총 10개)
INSERT INTO lufin.item_purchases (member_id, item_id, item_count, purchase_price, status, created_at)
VALUES (1, 1, 1, 1000, 'BUY', NOW());
INSERT INTO lufin.item_purchases (member_id, item_id, item_count, purchase_price, status, created_at)
VALUES (2, 2, 1, 2000, 'BUY', NOW());
INSERT INTO lufin.item_purchases (member_id, item_id, item_count, purchase_price, status, created_at)
VALUES (3, 3, 1, 10000, 'BUY', DATE_SUB(NOW(), INTERVAL 1 DAY));
INSERT INTO lufin.item_purchases (member_id, item_id, item_count, purchase_price, status, created_at)
VALUES (4, 4, 2, 8000, 'BUY', DATE_SUB(NOW(), INTERVAL 1 DAY));
INSERT INTO lufin.item_purchases (member_id, item_id, item_count, purchase_price, status, created_at)
VALUES (5, 5, 1, 4000, 'BUY', DATE_SUB(NOW(), INTERVAL 2 DAY));
INSERT INTO lufin.item_purchases (member_id, item_id, item_count, purchase_price, status, created_at)
VALUES (1, 6, 2, 8000, 'BUY', DATE_SUB(NOW(), INTERVAL 3 DAY));
INSERT INTO lufin.item_purchases (member_id, item_id, item_count, purchase_price, status, created_at)
VALUES (2, 7, 1, 4000, 'BUY', DATE_SUB(NOW(), INTERVAL 3 DAY));
INSERT INTO lufin.item_purchases (member_id, item_id, item_count, purchase_price, status, created_at)
VALUES (3, 1, 3, 3000, 'BUY', DATE_SUB(NOW(), INTERVAL 4 DAY));
INSERT INTO lufin.item_purchases (member_id, item_id, item_count, purchase_price, status, created_at)
VALUES (4, 2, 2, 4000, 'REFUND', DATE_SUB(NOW(), INTERVAL 5 DAY));
INSERT INTO lufin.item_purchases (member_id, item_id, item_count, purchase_price, status, created_at)
VALUES (5, 3, 1, 10000, 'USED', DATE_SUB(NOW(), INTERVAL 10 DAY));

-- 아이템 요청(item_requests) 추가 (총 10개)
INSERT INTO lufin.item_requests (requester_id, approved_by, item_purchase_id, status, created_at)
VALUES (2, NULL, 2, 'PENDING', NOW());
INSERT INTO lufin.item_requests (requester_id, approved_by, item_purchase_id, status, created_at)
VALUES (3, 10, 3, 'APPROVED', DATE_SUB(NOW(), INTERVAL 1 DAY));
INSERT INTO lufin.item_requests (requester_id, approved_by, item_purchase_id, status, created_at)
VALUES (4, NULL, 4, 'PENDING', DATE_SUB(NOW(), INTERVAL 1 DAY));
INSERT INTO lufin.item_requests (requester_id, approved_by, item_purchase_id, status, created_at)
VALUES (5, 10, 5, 'APPROVED', DATE_SUB(NOW(), INTERVAL 2 DAY));
INSERT INTO lufin.item_requests (requester_id, approved_by, item_purchase_id, status, created_at)
VALUES (2, 10, 7, 'APPROVED', DATE_SUB(NOW(), INTERVAL 3 DAY));
INSERT INTO lufin.item_requests (requester_id, approved_by, item_purchase_id, status, created_at)
VALUES (3, 10, 8, 'APPROVED', DATE_SUB(NOW(), INTERVAL 4 DAY));
INSERT INTO lufin.item_requests (requester_id, approved_by, item_purchase_id, status, created_at)
VALUES (4, 10, 9, 'REJECTED', DATE_SUB(NOW(), INTERVAL 5 DAY));
INSERT INTO lufin.item_requests (requester_id, approved_by, item_purchase_id, status, created_at)
VALUES (5, 10, 10, 'APPROVED', DATE_SUB(NOW(), INTERVAL 9 DAY));
INSERT INTO lufin.item_requests (requester_id, approved_by, item_purchase_id, status, created_at)
VALUES (1, NULL, 1, 'PENDING', NOW());
INSERT INTO lufin.item_requests (requester_id, approved_by, item_purchase_id, status, created_at)
VALUES (4, 10, 4, 'APPROVED', DATE_SUB(NOW(), INTERVAL 1 DAY));

-- 자동이체(auto_transfers) 추가 (총 10개)
INSERT INTO lufin.auto_transfers (member_id, from_account_id, to_account_number, amount, day_of_week, is_active, end_at,
                                  created_at)
VALUES (1, 3, 2, 1000, 2, 1, DATE_ADD(NOW(), INTERVAL 30 DAY), NOW());
INSERT INTO lufin.auto_transfers (member_id, from_account_id, to_account_number, amount, day_of_week, is_active, end_at,
                                  created_at)
VALUES (2, 4, 2, 1500, 4, 1, DATE_ADD(NOW(), INTERVAL 60 DAY), NOW());
INSERT INTO lufin.auto_transfers (member_id, from_account_id, to_account_number, amount, day_of_week, is_active, end_at,
                                  created_at)
VALUES (3, 5, 2, 2000, 8, 1, DATE_ADD(NOW(), INTERVAL 45 DAY), NOW());
INSERT INTO lufin.auto_transfers (member_id, from_account_id, to_account_number, amount, day_of_week, is_active, end_at,
                                  created_at)
VALUES (4, 6, 2, 1200, 16, 1, DATE_ADD(NOW(), INTERVAL 90 DAY), NOW());
INSERT INTO lufin.auto_transfers (member_id, from_account_id, to_account_number, amount, day_of_week, is_active, end_at,
                                  created_at)
VALUES (5, 7, 2, 1800, 32, 1, DATE_ADD(NOW(), INTERVAL 120 DAY), NOW());
INSERT INTO lufin.auto_transfers (member_id, from_account_id, to_account_number, amount, day_of_week, is_active, end_at,
                                  created_at)
VALUES (1, 3, 3, 500, 2, 0, DATE_ADD(NOW(), INTERVAL 15 DAY), DATE_SUB(NOW(), INTERVAL 5 DAY));
INSERT INTO lufin.auto_transfers (member_id, from_account_id, to_account_number, amount, day_of_week, is_active, end_at,
                                  created_at)
VALUES (2, 4, 4, 800, 4, 0, DATE_ADD(NOW(), INTERVAL 20 DAY), DATE_SUB(NOW(), INTERVAL 10 DAY));
INSERT INTO lufin.auto_transfers (member_id, from_account_id, to_account_number, amount, day_of_week, is_active, end_at,
                                  created_at)
VALUES (3, 5, 5, 1000, 8, 0, DATE_ADD(NOW(), INTERVAL 25 DAY), DATE_SUB(NOW(), INTERVAL 15 DAY));
INSERT INTO lufin.auto_transfers (member_id, from_account_id, to_account_number, amount, day_of_week, is_active, end_at,
                                  created_at)
VALUES (4, 6, 6, 1500, 16, 0, DATE_ADD(NOW(), INTERVAL 30 DAY), DATE_SUB(NOW(), INTERVAL 20 DAY));
INSERT INTO lufin.auto_transfers (member_id, from_account_id, to_account_number, amount, day_of_week, is_active, end_at,
                                  created_at)
VALUES (5, 7, 7, 2000, 32, 0, DATE_ADD(NOW(), INTERVAL 35 DAY), DATE_SUB(NOW(), INTERVAL 25 DAY));

-- 거래 내역(transaction_histories) 추가 (총 10개)
INSERT INTO lufin.transaction_histories (from_account_id, to_account_number, executor_member_id, transaction_type,
                                         amount, balance_after, created_at, description, status, executor_role)
VALUES (3, 2, 1, 'TRANSFER', 5000, 95000, NOW(), '용돈 저축', 'SUCCESS', 1);
INSERT INTO lufin.transaction_histories (from_account_id, to_account_number, executor_member_id, transaction_type,
                                         amount, balance_after, created_at, description, status, executor_role)
VALUES (10, 2, 10, 'DEPOSIT', 10000, 10000, NOW(), '학급비 입금', 'SUCCESS', 0);
INSERT INTO lufin.transaction_histories (from_account_id, to_account_number, executor_member_id, transaction_type,
                                         amount, balance_after, created_at, description, status, executor_role)
VALUES (4, 3, 2, 'TRANSFER', 3000, 97000, DATE_SUB(NOW(), INTERVAL 1 DAY), '친구에게 빌려줌', 'SUCCESS', 1);
INSERT INTO lufin.transaction_histories (from_account_id, to_account_number, executor_member_id, transaction_type,
                                         amount, balance_after, created_at, description, status, executor_role)
VALUES (5, 4, 3, 'TRANSFER', 2000, 98000, DATE_SUB(NOW(), INTERVAL 2 DAY), '급식비 지원', 'SUCCESS', 1);
INSERT INTO lufin.transaction_histories (from_account_id, to_account_number, executor_member_id, transaction_type,
                                         amount, balance_after, created_at, description, status, executor_role)
VALUES (6, 5, 4, 'TRANSFER', 1500, 98500, DATE_SUB(NOW(), INTERVAL 3 DAY), '학용품 구매', 'SUCCESS', 1);
INSERT INTO lufin.transaction_histories (from_account_id, to_account_number, executor_member_id, transaction_type,
                                         amount, balance_after, created_at, description, status, executor_role)
VALUES (7, 6, 5, 'TRANSFER', 2500, 97500, DATE_SUB(NOW(), INTERVAL 4 DAY), '체육용품 구매', 'SUCCESS', 1);
INSERT INTO lufin.transaction_histories (from_account_id, to_account_number, executor_member_id, transaction_type,
                                         amount, balance_after, created_at, description, status, executor_role)
VALUES (3, 4, 1, 'TRANSFER', 1000, 94000, DATE_SUB(NOW(), INTERVAL 5 DAY), '빌린 돈 갚기', 'SUCCESS', 1);
INSERT INTO lufin.transaction_histories (from_account_id, to_account_number, executor_member_id, transaction_type,
                                         amount, balance_after, created_at, description, status, executor_role)
VALUES (4, 5, 2, 'TRANSFER', 2000, 95000, DATE_SUB(NOW(), INTERVAL 6 DAY), '모임비', 'SUCCESS', 1);
INSERT INTO lufin.transaction_histories (from_account_id, to_account_number, executor_member_id, transaction_type,
                                         amount, balance_after, created_at, description, status, executor_role)
VALUES (5, 6, 3, 'TRANSFER', 1500, 96500, DATE_SUB(NOW(), INTERVAL 7 DAY), '도서 구매', 'SUCCESS', 1);
INSERT INTO lufin.transaction_histories (from_account_id, to_account_number, executor_member_id, transaction_type,
                                         amount, balance_after, created_at, description, status, executor_role)
VALUES (6, 7, 4, 'TRANSFER', 3000, 95500, DATE_SUB(NOW(), INTERVAL 8 DAY), '미술 용품', 'SUCCESS', 1);

-- 신용 점수 이력(credit_score_histories) 추가 (총 10개)
INSERT INTO lufin.credit_score_histories (member_id, score_change, reason, created_at)
VALUES (1, 5, '적금 가입으로 인한 신용 점수 상승', NOW());
INSERT INTO lufin.credit_score_histories (member_id, score_change, reason, created_at)
VALUES (2, 3, '정기 적금 납입으로 신용 점수 상승', DATE_SUB(NOW(), INTERVAL 1 DAY));
INSERT INTO lufin.credit_score_histories (member_id, score_change, reason, created_at)
VALUES (3, -3, '대출 신청으로 인한 신용 점수 하락', DATE_SUB(NOW(), INTERVAL 2 DAY));
INSERT INTO lufin.credit_score_histories (member_id, score_change, reason, created_at)
VALUES (4, -2, '자동 이체 설정 실패로 신용 점수 하락', DATE_SUB(NOW(), INTERVAL 3 DAY));
INSERT INTO lufin.credit_score_histories (member_id, score_change, reason, created_at)
VALUES (5, 4, '대출금 상환으로 신용 점수 상승', DATE_SUB(NOW(), INTERVAL 4 DAY));
INSERT INTO lufin.credit_score_histories (member_id, score_change, reason, created_at)
VALUES (1, -1, '이체 지연으로 신용 점수 하락', DATE_SUB(NOW(), INTERVAL 5 DAY));
INSERT INTO lufin.credit_score_histories (member_id, score_change, reason, created_at)
VALUES (2, 2, '정기 저축으로 신용 점수 상승', DATE_SUB(NOW(), INTERVAL 6 DAY));
INSERT INTO lufin.credit_score_histories (member_id, score_change, reason, created_at)
VALUES (3, 3, '대출금 조기 상환으로 신용 점수 상승', DATE_SUB(NOW(), INTERVAL 7 DAY));
INSERT INTO lufin.credit_score_histories (member_id, score_change, reason, created_at)
VALUES (4, -3, '연체로 인한 신용 점수 하락', DATE_SUB(NOW(), INTERVAL 8 DAY));
INSERT INTO lufin.credit_score_histories (member_id, score_change, reason, created_at)
VALUES (5, 5, '정기 저축 완료로 신용 점수 상승', DATE_SUB(NOW(), INTERVAL 9 DAY));

-- 알림(notifications) 추가 (총 10개)
INSERT INTO lufin.notifications (member_id, transaction_id, message, priority, is_read, created_at)
VALUES (1, 1, '5,000원이 성공적으로 이체되었습니다.', 1, 0, NOW());
INSERT INTO lufin.notifications (member_id, loan_application_id, message, priority, is_read, created_at)
VALUES (3, 1, '대출이 승인되었습니다. 상환일을 꼭 지켜주세요.', 2, 0, NOW());
INSERT INTO lufin.notifications (member_id, transaction_id, message, priority, is_read, created_at)
VALUES (2, 3, '3,000원이 성공적으로 이체되었습니다.', 1, 0, DATE_SUB(NOW(), INTERVAL 1 DAY));
INSERT INTO lufin.notifications (member_id, loan_application_id, message, priority, is_read, created_at)
VALUES (4, 2, '대출 신청이 승인되었습니다.', 2, 1, DATE_SUB(NOW(), INTERVAL 1 DAY));
INSERT INTO lufin.notifications (member_id, stock_portfolio_id, message, priority, is_read, created_at)
VALUES (1, 1, '싸피전자 주식이 10% 상승했습니다.', 1, 0, DATE_SUB(NOW(), INTERVAL 2 DAY));
INSERT INTO lufin.notifications (member_id, stock_portfolio_id, message, priority, is_read, created_at)
VALUES (2, 5, '싸피건설 주식이 5% 하락했습니다.', 1, 1, DATE_SUB(NOW(), INTERVAL 3 DAY));
INSERT INTO lufin.notifications (member_id, transaction_id, message, priority, is_read, created_at)
VALUES (3, 4, '2,000원이 성공적으로 이체되었습니다.', 1, 0, DATE_SUB(NOW(), INTERVAL 4 DAY));
INSERT INTO lufin.notifications (member_id, transaction_id, message, priority, is_read, created_at)
VALUES (4, 5, '1,500원이 성공적으로 이체되었습니다.', 1, 1, DATE_SUB(NOW(), INTERVAL 5 DAY));
INSERT INTO lufin.notifications (member_id, loan_application_id, message, priority, is_read, created_at)
VALUES (5, 5, '대출 상환일이 7일 남았습니다.', 2, 0, DATE_SUB(NOW(), INTERVAL 6 DAY));
INSERT INTO lufin.notifications (member_id, stock_portfolio_id, message, priority, is_read, created_at)
VALUES (3, 7, '싸피전자 주가가 크게 변동했습니다. 확인해보세요.', 2, 0, DATE_SUB(NOW(), INTERVAL 7 DAY));