-- members
INSERT INTO lufin.members (member_id, email, password, secondary_password, salt, member_role, profile_image, name, certification_number, created_at, updated_at, last_login, activation_status) VALUES (1, 'student1@ssafy.com', 'cPW/YF748KQsPdOglMvBBoIknWbk43/RoJL6eR19Jn8=', 'BY00U8XWwpVWdnRX5e2+WhpY5ZQRFkhEx+JQ2e9VNk4=', 'FQOnw8ggeLSWcvWxmkayfw==', 'STUDENT', null, '학생1', null, '2025-04-04 12:58:57', '2025-04-04 13:05:54', '2025-04-04 13:05:54', 1);
INSERT INTO lufin.members (member_id, email, password, secondary_password, salt, member_role, profile_image, name, certification_number, created_at, updated_at, last_login, activation_status) VALUES (2, 'student2@ssafy.com', '9DmXPkERiG9t3mo1BMrzJ41gaP7yYA1vv/Td5QWOiS8=', 'nIXUhezfwHmEHZobz/ZnVNB0q98psZnNlhWCK1RNCKI=', 'c2ekJySwdfSub/9IWsIqig==', 'STUDENT', null, '학생2', null, '2025-04-04 12:59:05', '2025-04-04 13:06:28', '2025-04-04 13:06:28', 1);
INSERT INTO lufin.members (member_id, email, password, secondary_password, salt, member_role, profile_image, name, certification_number, created_at, updated_at, last_login, activation_status) VALUES (3, 'student3@ssafy.com', '+B1cJ7g+Z2iPBDXFRRmBlhv/t+66gNrAvv98v0wI9dQ=', 'FTrskA4Pi2z/WIknlaCNPpuhcaNSuqtT0k8OmzHnjno=', 'HP8l/Mpo4pX7a2lLMZFN9A==', 'STUDENT', null, '학생3', null, '2025-04-04 12:59:11', '2025-04-04 13:06:45', '2025-04-04 13:06:45', 1);
INSERT INTO lufin.members (member_id, email, password, secondary_password, salt, member_role, profile_image, name, certification_number, created_at, updated_at, last_login, activation_status) VALUES (4, 'student4@ssafy.com', '0RD+lS4OQ0KwaUMtwS9kybpzFK3FVizU47MnKbotAkc=', '7qh/zvxGG5SN/loCo3KKLLnTXlgHjV1RNfXysSYenmE=', 'ovwOqyJ4+IyU3kcOqQf7Vg==', 'STUDENT', null, '학생4', null, '2025-04-04 12:59:23', '2025-04-04 13:07:26', '2025-04-04 13:07:26', 1);
INSERT INTO lufin.members (member_id, email, password, secondary_password, salt, member_role, profile_image, name, certification_number, created_at, updated_at, last_login, activation_status) VALUES (5, 'student5@ssafy.com', '2VpY7sg6XYWbbAYmalfhjrmpjAE6Fzd2sPZs2x1Rv5Y=', 'zfpdfDgg1Hj5ZsbKF0I/5GadmUmNZ7C0gFdOgkTY5xQ=', 'PUkZKMls4GG4CSUrAouYFw==', 'STUDENT', null, '학생5', null, '2025-04-04 12:59:31', '2025-04-04 13:07:48', '2025-04-04 13:07:48', 1);
INSERT INTO lufin.members (member_id, email, password, secondary_password, salt, member_role, profile_image, name, certification_number, created_at, updated_at, last_login, activation_status) VALUES (6, 'student6@ssafy.com', 'AGHLKyuhgp0m1aPrIc77nRWGa3PtohwUXxHrYOVFiUs=', 'r88GBDYa+M5/GUWeBxtHWgjidPhKit36AHRZFXTTNOs=', '2NuTqdSMxf/63Xhfe1ZEvA==', 'STUDENT', null, '학생6', null, '2025-04-04 12:59:40', '2025-04-04 13:09:59', '2025-04-04 13:09:59', 1);
INSERT INTO lufin.members (member_id, email, password, secondary_password, salt, member_role, profile_image, name, certification_number, created_at, updated_at, last_login, activation_status) VALUES (7, 'student7@ssafy.com', 'kutkNhSB0gPtUgH9NRKtkvWvX7YTd4DGf0xYSyugGLU=', 'IQjQg+YkksCRnoUqZnbO5l52OuHrcEmZVPShD7OJgJA=', '0sBXzQ2hhFyI+ABlYJ9MEA==', 'STUDENT', null, '학생7', null, '2025-04-04 12:59:47', '2025-04-04 13:10:31', '2025-04-04 13:10:31', 1);
INSERT INTO lufin.members (member_id, email, password, secondary_password, salt, member_role, profile_image, name, certification_number, created_at, updated_at, last_login, activation_status) VALUES (8, 'student8@ssafy.com', 'ddpqQ1PsR3/DTawxKHeYp32xCg2MwdfIFKDdIKYb8gU=', 'Yrr+CaD1VoYwQ6u3wtafFXVHP6tjA3b6QzOZH9UA15A=', 'ANXg94uZRuY3P3I4Mz/I3g==', 'STUDENT', null, '학생8', null, '2025-04-04 12:59:53', '2025-04-04 13:10:48', '2025-04-04 13:10:48', 1);
INSERT INTO lufin.members (member_id, email, password, secondary_password, salt, member_role, profile_image, name, certification_number, created_at, updated_at, last_login, activation_status) VALUES (9, 'student9@ssafy.com', 'iugFEe+BpgjKtxxcsbYSNOjq9F7ntTI3+ZY36/5mZoQ=', 'wfs5Qdww2yPU/3J/wAnbtXgP2WmoZ+UbrQhn67eUtNY=', 'nIpvcdNRPnXG/vED4JyBag==', 'STUDENT', null, '힉생9', null, '2025-04-04 13:00:04', '2025-04-04 13:11:04', '2025-04-04 13:11:04', 1);
INSERT INTO lufin.members (member_id, email, password, secondary_password, salt, member_role, profile_image, name, certification_number, created_at, updated_at, last_login, activation_status) VALUES (10, 'teacher1@ssafy.com', '5Dbl8FIDMu8aWW0yuYmN3IbWVaJ9jPBqTjJ7M+7OIqc=', '/coyxoXqs6ACe5uSeKNa6aoTvw0nX63ZS6BowdPDfrA=', 'aSgS4CQ00gAzpumeZnaOPQ==', 'TEACHER', null, '선생님1', null, '2025-04-04 13:00:21', '2025-04-04 13:00:58', '2025-04-04 13:00:58', 1);
INSERT INTO lufin.members (member_id, email, password, secondary_password, salt, member_role, profile_image, name, certification_number, created_at, updated_at, last_login, activation_status) VALUES (11, 'teacher2@ssafy.com', 'xNlr+XOhdE+jLDivyTzSHQ2/L52eVsP2qG+gXQoHDTI=', 'N1wc0OvjdaQvU9MB/DRZK53/bqMqQh3XRi44URUMWyo=', 'i40ZAB8UZBF2RQSrjfqheg==', 'TEACHER', null, '선생님2', null, '2025-04-04 13:00:33', '2025-04-04 13:08:33', '2025-04-04 13:08:33', 1);

-- classrooms
INSERT INTO lufin.classrooms (classroom_id, teacher_id, code, school, grade, class_group, name, member_count, thumbnail_key, created_at) VALUES (1, 10, 'mRX29', '싸피초', 4, 2, '4학년 2반', 1, 'classrooms/302e3f79-083c-4e7c-adf7-a788d9b9c891.jpg', '2025-04-04 13:03:47');
INSERT INTO lufin.classrooms (classroom_id, teacher_id, code, school, grade, class_group, name, member_count, thumbnail_key, created_at) VALUES (2, 10, 'Et0wJ', '싸피초', 4, 1, '4학년 1반', 6, 'classrooms/302e3f79-083c-4e7c-adf7-a788d9b9c891.jpg', '2025-04-04 13:04:02');
INSERT INTO lufin.classrooms (classroom_id, teacher_id, code, school, grade, class_group, name, member_count, thumbnail_key, created_at) VALUES (3, 11, 'w2O0t', '싸피초', 5, 1, '5학년 1반', 1, 'classrooms/302e3f79-083c-4e7c-adf7-a788d9b9c891.jpg', '2025-04-04 13:09:06');
INSERT INTO lufin.classrooms (classroom_id, teacher_id, code, school, grade, class_group, name, member_count, thumbnail_key, created_at) VALUES (4, 11, 'J5mFd', '싸피초', 5, 2, '5학년 2반', 5, 'classrooms/302e3f79-083c-4e7c-adf7-a788d9b9c891.jpg', '2025-04-04 13:09:17');

-- accounts
INSERT INTO lufin.accounts (account_id, member_id, classroom_id, account_type, account_number, balance, created_at, closed_at) VALUES (1, null, 1, 'CLASSROOM', '224-513-656-843', 0, '2025-04-04 13:03:47', '2025-04-04 13:04:02');
INSERT INTO lufin.accounts (account_id, member_id, classroom_id, account_type, account_number, balance, created_at, closed_at) VALUES (2, null, 2, 'CLASSROOM', '480-290-966-408', 0, '2025-04-04 13:04:02', null);
INSERT INTO lufin.accounts (account_id, member_id, classroom_id, account_type, account_number, balance, created_at, closed_at) VALUES (3, 1, null, 'DEPOSIT', '392-561-649-250', 0, '2025-04-04 13:06:18', null);
INSERT INTO lufin.accounts (account_id, member_id, classroom_id, account_type, account_number, balance, created_at, closed_at) VALUES (4, 2, null, 'DEPOSIT', '925-290-222-255', 0, '2025-04-04 13:06:37', null);
INSERT INTO lufin.accounts (account_id, member_id, classroom_id, account_type, account_number, balance, created_at, closed_at) VALUES (5, 3, null, 'DEPOSIT', '218-832-309-698', 0, '2025-04-04 13:07:01', null);
INSERT INTO lufin.accounts (account_id, member_id, classroom_id, account_type, account_number, balance, created_at, closed_at) VALUES (6, 4, null, 'DEPOSIT', '612-162-323-896', 0, '2025-04-04 13:07:35', null);
INSERT INTO lufin.accounts (account_id, member_id, classroom_id, account_type, account_number, balance, created_at, closed_at) VALUES (7, 5, null, 'DEPOSIT', '562-239-101-512', 0, '2025-04-04 13:08:00', null);
INSERT INTO lufin.accounts (account_id, member_id, classroom_id, account_type, account_number, balance, created_at, closed_at) VALUES (8, null, 3, 'CLASSROOM', '617-504-233-583', 0, '2025-04-04 13:09:06', '2025-04-04 13:09:17');
INSERT INTO lufin.accounts (account_id, member_id, classroom_id, account_type, account_number, balance, created_at, closed_at) VALUES (9, null, 4, 'CLASSROOM', '902-495-555-151', 0, '2025-04-04 13:09:17', null);
INSERT INTO lufin.accounts (account_id, member_id, classroom_id, account_type, account_number, balance, created_at, closed_at) VALUES (10, 6, null, 'DEPOSIT', '604-789-460-984', 0, '2025-04-04 13:10:24', null);

-- member-classroom
INSERT INTO lufin.member_classrooms (member_class_id, classroom_id, member_id, join_date, is_current) VALUES (1, 1, 10, '2025-04-04 13:03:47', 0);
INSERT INTO lufin.member_classrooms (member_class_id, classroom_id, member_id, join_date, is_current) VALUES (2, 2, 10, '2025-04-04 13:04:02', 1);
INSERT INTO lufin.member_classrooms (member_class_id, classroom_id, member_id, join_date, is_current) VALUES (3, 2, 1, '2025-04-04 13:06:18', 1);
INSERT INTO lufin.member_classrooms (member_class_id, classroom_id, member_id, join_date, is_current) VALUES (4, 2, 2, '2025-04-04 13:06:37', 1);
INSERT INTO lufin.member_classrooms (member_class_id, classroom_id, member_id, join_date, is_current) VALUES (5, 2, 3, '2025-04-04 13:07:01', 1);
INSERT INTO lufin.member_classrooms (member_class_id, classroom_id, member_id, join_date, is_current) VALUES (6, 2, 4, '2025-04-04 13:07:35', 1);
INSERT INTO lufin.member_classrooms (member_class_id, classroom_id, member_id, join_date, is_current) VALUES (7, 2, 5, '2025-04-04 13:08:00', 1);
INSERT INTO lufin.member_classrooms (member_class_id, classroom_id, member_id, join_date, is_current) VALUES (8, 3, 11, '2025-04-04 13:09:06', 0);
INSERT INTO lufin.member_classrooms (member_class_id, classroom_id, member_id, join_date, is_current) VALUES (9, 4, 11, '2025-04-04 13:09:17', 1);

-- credit_scores
INSERT INTO lufin.credit_scores (member_id, score, grade, credit_status, credit_status_description, created_at, updated_at) VALUES (1, 60, 'C', 0, null, '2025-04-04 12:58:57', null);
INSERT INTO lufin.credit_scores (member_id, score, grade, credit_status, credit_status_description, created_at, updated_at) VALUES (2, 60, 'C', 0, null, '2025-04-04 12:59:05', null);
INSERT INTO lufin.credit_scores (member_id, score, grade, credit_status, credit_status_description, created_at, updated_at) VALUES (3, 60, 'C', 0, null, '2025-04-04 12:59:11', null);
INSERT INTO lufin.credit_scores (member_id, score, grade, credit_status, credit_status_description, created_at, updated_at) VALUES (4, 60, 'C', 0, null, '2025-04-04 12:59:23', null);
INSERT INTO lufin.credit_scores (member_id, score, grade, credit_status, credit_status_description, created_at, updated_at) VALUES (5, 60, 'C', 0, null, '2025-04-04 12:59:31', null);
INSERT INTO lufin.credit_scores (member_id, score, grade, credit_status, credit_status_description, created_at, updated_at) VALUES (6, 60, 'C', 0, null, '2025-04-04 12:59:40', null);
INSERT INTO lufin.credit_scores (member_id, score, grade, credit_status, credit_status_description, created_at, updated_at) VALUES (7, 60, 'C', 0, null, '2025-04-04 12:59:47', null);
INSERT INTO lufin.credit_scores (member_id, score, grade, credit_status, credit_status_description, created_at, updated_at) VALUES (8, 60, 'C', 0, null, '2025-04-04 12:59:53', null);
INSERT INTO lufin.credit_scores (member_id, score, grade, credit_status, credit_status_description, created_at, updated_at) VALUES (9, 60, 'C', 0, null, '2025-04-04 13:00:04', null);


-- items
INSERT INTO lufin.items (item_id, classroom_id, name, type, price, quantity_available, quantity_sold, status, expiration_date, created_at, updated_at) VALUES (1, 2, '초콜릿 이용권', 0, 1000, 10, 0, 1, '2025-05-01 00:00:00', '2025-04-03 01:27:18', null);
INSERT INTO lufin.items (item_id, classroom_id, name, type, price, quantity_available, quantity_sold, status, expiration_date, created_at, updated_at) VALUES (2, 2, '급식 줄 우선권', 1, 2000, 10, 0, 1, '2025-05-01 00:00:00', '2025-04-03 01:27:18', null);
INSERT INTO lufin.items (item_id, classroom_id, name, type, price, quantity_available, quantity_sold, status, expiration_date, created_at, updated_at) VALUES (3, 2, '자리 변경 우선권', 1, 10000, 10, 0, 1, '2025-05-01 00:00:00', '2025-04-03 01:27:18', null);
INSERT INTO lufin.items (item_id, classroom_id, name, type, price, quantity_available, quantity_sold, status, expiration_date, created_at, updated_at) VALUES (4, 2, '학용품 빌리기 찬스', 1, 4000, 10, 0, 1, '2025-05-01 00:00:00', '2025-04-03 01:27:18', null);
INSERT INTO lufin.items (item_id, classroom_id, name, type, price, quantity_available, quantity_sold, status, expiration_date, created_at, updated_at) VALUES (5, 2, '교과서 빌리기', 1, 4000, 10, 0, 1, '2025-05-01 00:00:00', '2025-04-03 01:27:18', null);
INSERT INTO lufin.items (item_id, classroom_id, name, type, price, quantity_available, quantity_sold, status, expiration_date, created_at, updated_at) VALUES (6, 2, '청소 면제권', 0, 4000, 10, 0, 1, '2025-05-01 00:00:00', '2025-04-03 01:27:18', null);
INSERT INTO lufin.items (item_id, classroom_id, name, type, price, quantity_available, quantity_sold, status, expiration_date, created_at, updated_at) VALUES (7, 2, '일기 면제권', 0, 4000, 10, 0, 1, '2025-05-01 00:00:00', '2025-04-03 01:27:18', null);
INSERT INTO lufin.items (item_id, classroom_id, name, type, price, quantity_available, quantity_sold, status, expiration_date, created_at, updated_at) VALUES (8, 4, '초콜릿 이용권', 0, 1000, 10, 0, 1, '2025-05-01 00:00:00', '2025-04-03 01:28:22', null);
INSERT INTO lufin.items (item_id, classroom_id, name, type, price, quantity_available, quantity_sold, status, expiration_date, created_at, updated_at) VALUES (9, 4, '급식 줄 우선권', 1, 2000, 10, 0, 1, '2025-05-01 00:00:00', '2025-04-03 01:28:22', null);
INSERT INTO lufin.items (item_id, classroom_id, name, type, price, quantity_available, quantity_sold, status, expiration_date, created_at, updated_at) VALUES (10, 4, '자리 변경 우선권', 1, 10000, 10, 0, 1, '2025-05-01 00:00:00', '2025-04-03 01:28:22', null);
INSERT INTO lufin.items (item_id, classroom_id, name, type, price, quantity_available, quantity_sold, status, expiration_date, created_at, updated_at) VALUES (11, 4, '학용품 빌리기 찬스', 1, 4000, 10, 0, 1, '2025-05-01 00:00:00', '2025-04-03 01:28:22', null);
INSERT INTO lufin.items (item_id, classroom_id, name, type, price, quantity_available, quantity_sold, status, expiration_date, created_at, updated_at) VALUES (12, 4, '교과서 빌리기', 1, 4000, 10, 0, 1, '2025-05-01 00:00:00', '2025-04-03 01:28:22', null);
INSERT INTO lufin.items (item_id, classroom_id, name, type, price, quantity_available, quantity_sold, status, expiration_date, created_at, updated_at) VALUES (13, 4, '청소 면제권', 0, 4000, 10, 0, 1, '2025-05-01 00:00:00', '2025-04-03 01:28:22', null);
INSERT INTO lufin.items (item_id, classroom_id, name, type, price, quantity_available, quantity_sold, status, expiration_date, created_at, updated_at) VALUES (14, 4, '일기 면제권', 0, 4000, 10, 0, 1, '2025-05-01 00:00:00', '2025-04-03 01:28:22', null);

-- loan-products
INSERT INTO lufin.loan_products (loan_product_id, name, description, credit_rank, max_amount, interest_rate, period, created_at, updated_at) VALUES (1, '펭귄대출', '14일 대출 상품', 0, 1000000, 0.02, 14, '2025-04-03 01:29:31', null);
INSERT INTO lufin.loan_products (loan_product_id, name, description, credit_rank, max_amount, interest_rate, period, created_at, updated_at) VALUES (2, '펭귄대출', '14일 대출 상품', 1, 1000000, 0.03, 14, '2025-04-03 01:29:31', null);
INSERT INTO lufin.loan_products (loan_product_id, name, description, credit_rank, max_amount, interest_rate, period, created_at, updated_at) VALUES (3, '펭귄대출', '14일 대출 상품', 2, 1000000, 0.04, 14, '2025-04-03 01:29:31', null);
INSERT INTO lufin.loan_products (loan_product_id, name, description, credit_rank, max_amount, interest_rate, period, created_at, updated_at) VALUES (4, '펭귄대출', '14일 대출 상품', 3, 1000000, 0.06, 14, '2025-04-03 01:29:31', null);
INSERT INTO lufin.loan_products (loan_product_id, name, description, credit_rank, max_amount, interest_rate, period, created_at, updated_at) VALUES (5, '펭귄대출', '14일 대출 상품', 4, 1000000, 0.08, 14, '2025-04-03 01:29:31', null);
INSERT INTO lufin.loan_products (loan_product_id, name, description, credit_rank, max_amount, interest_rate, period, created_at, updated_at) VALUES (6, '고양이대출', '28일 대출 상품', 0, 1000000, 0.03, 28, '2025-04-03 01:29:31', null);
INSERT INTO lufin.loan_products (loan_product_id, name, description, credit_rank, max_amount, interest_rate, period, created_at, updated_at) VALUES (7, '고양이대출', '28일 대출 상품', 1, 1000000, 0.04, 28, '2025-04-03 01:29:31', null);
INSERT INTO lufin.loan_products (loan_product_id, name, description, credit_rank, max_amount, interest_rate, period, created_at, updated_at) VALUES (8, '고양이대출', '28일 대출 상품', 2, 1000000, 0.06, 28, '2025-04-03 01:29:31', null);
INSERT INTO lufin.loan_products (loan_product_id, name, description, credit_rank, max_amount, interest_rate, period, created_at, updated_at) VALUES (9, '고양이대출', '28일 대출 상품', 3, 1000000, 0.08, 28, '2025-04-03 01:29:31', null);
INSERT INTO lufin.loan_products (loan_product_id, name, description, credit_rank, max_amount, interest_rate, period, created_at, updated_at) VALUES (10, '고양이대출', '28일 대출 상품', 4, 1000000, 0.1, 28, '2025-04-03 01:29:31', null);
INSERT INTO lufin.loan_products (loan_product_id, name, description, credit_rank, max_amount, interest_rate, period, created_at, updated_at) VALUES (11, '호랑이대출', '32일 대출 상품', 0, 1000000, 0.04, 32, '2025-04-03 01:29:31', null);
INSERT INTO lufin.loan_products (loan_product_id, name, description, credit_rank, max_amount, interest_rate, period, created_at, updated_at) VALUES (12, '호랑이대출', '32일 대출 상품', 1, 1000000, 0.06, 32, '2025-04-03 01:29:31', null);
INSERT INTO lufin.loan_products (loan_product_id, name, description, credit_rank, max_amount, interest_rate, period, created_at, updated_at) VALUES (13, '호랑이대출', '32일 대출 상품', 2, 1000000, 0.08, 32, '2025-04-03 01:29:31', null);
INSERT INTO lufin.loan_products (loan_product_id, name, description, credit_rank, max_amount, interest_rate, period, created_at, updated_at) VALUES (14, '호랑이대출', '32일 대출 상품', 3, 1000000, 0.1, 32, '2025-04-03 01:29:31', null);
INSERT INTO lufin.loan_products (loan_product_id, name, description, credit_rank, max_amount, interest_rate, period, created_at, updated_at) VALUES (15, '호랑이대출', '32일 대출 상품', 4, 1000000, 0.12, 32, '2025-04-03 01:29:31', null);

-- missions
INSERT INTO lufin.missions (mission_id, class_id, title, content, difficulty, max_participants, current_participants, wage, mission_date, status, created_at, updated_at) VALUES (1, 2, '도서관 책 정리', '책을 정리하고 청결을 유지하세요.', 2, 2, 0, 4000, '2025-04-06 01:51:12', 'RECRUITING', '2025-04-03 01:51:12', null);
INSERT INTO lufin.missions (mission_id, class_id, title, content, difficulty, max_participants, current_participants, wage, mission_date, status, created_at, updated_at) VALUES (2, 2, '학급 게시판 정리', '게시판을 보기 좋게 꾸며주세요.', 2, 2, 0, 4000, '2025-04-06 01:51:12', 'RECRUITING', '2025-04-03 01:51:12', null);
INSERT INTO lufin.missions (mission_id, class_id, title, content, difficulty, max_participants, current_participants, wage, mission_date, status, created_at, updated_at) VALUES (3, 2, '칠판 닦기', '하루 동안 칠판을 깨끗하게 유지하세요.', 1, 1, 0, 2000, '2025-04-07 01:51:12', 'RECRUITING', '2025-04-03 01:51:12', null);
INSERT INTO lufin.missions (mission_id, class_id, title, content, difficulty, max_participants, current_participants, wage, mission_date, status, created_at, updated_at) VALUES (4, 2, '물품 나르기', '교실 물품을 옮기는 미션입니다.', 3, 2, 0, 5000, '2025-04-09 01:51:12', 'RECRUITING', '2025-04-03 01:51:12', null);
INSERT INTO lufin.missions (mission_id, class_id, title, content, difficulty, max_participants, current_participants, wage, mission_date, status, created_at, updated_at) VALUES (5, 2, '발표 도우미', '모둠 발표 시 발표자 도와주기.', 2, 1, 0, 3000, '2025-04-07 01:51:12', 'RECRUITING', '2025-04-03 01:51:12', null);
INSERT INTO lufin.missions (mission_id, class_id, title, content, difficulty, max_participants, current_participants, wage, mission_date, status, created_at, updated_at) VALUES (6, 2, '운동장 청소', '점심시간 후 운동장을 청소하세요.', 3, 3, 0, 5000, '2025-04-09 01:51:12', 'RECRUITING', '2025-04-03 01:51:12', null);
INSERT INTO lufin.missions (mission_id, class_id, title, content, difficulty, max_participants, current_participants, wage, mission_date, status, created_at, updated_at) VALUES (7, 4, '도서관 책 정리', '책을 정리하고 청결을 유지하세요.', 2, 2, 0, 4000, '2025-04-06 01:51:12', 'RECRUITING', '2025-04-03 01:51:12', null);
INSERT INTO lufin.missions (mission_id, class_id, title, content, difficulty, max_participants, current_participants, wage, mission_date, status, created_at, updated_at) VALUES (8, 4, '학급 게시판 정리', '게시판을 보기 좋게 꾸며주세요.', 2, 2, 0, 4000, '2025-04-06 01:51:12', 'RECRUITING', '2025-04-03 01:51:12', null);
INSERT INTO lufin.missions (mission_id, class_id, title, content, difficulty, max_participants, current_participants, wage, mission_date, status, created_at, updated_at) VALUES (9, 4, '칠판 닦기', '하루 동안 칠판을 깨끗하게 유지하세요.', 1, 1, 0, 2000, '2025-04-07 01:51:12', 'RECRUITING', '2025-04-03 01:51:12', null);
INSERT INTO lufin.missions (mission_id, class_id, title, content, difficulty, max_participants, current_participants, wage, mission_date, status, created_at, updated_at) VALUES (10, 4, '물품 나르기', '교실 물품을 옮기는 미션입니다.', 3, 2, 0, 5000, '2025-04-09 01:51:12', 'RECRUITING', '2025-04-03 01:51:12', null);
INSERT INTO lufin.missions (mission_id, class_id, title, content, difficulty, max_participants, current_participants, wage, mission_date, status, created_at, updated_at) VALUES (11, 4, '발표 도우미', '모둠 발표 시 발표자 도와주기.', 2, 1, 0, 3000, '2025-04-07 01:51:12', 'RECRUITING', '2025-04-03 01:51:12', null);
INSERT INTO lufin.missions (mission_id, class_id, title, content, difficulty, max_participants, current_participants, wage, mission_date, status, created_at, updated_at) VALUES (12, 4, '운동장 청소', '점심시간 후 운동장을 청소하세요.', 3, 3, 0, 5000, '2025-04-09 01:51:12', 'RECRUITING', '2025-04-03 01:51:12', null);


